Genero,AÃ±os,Estado_civil,Trabajo,Sector,Telefono,Anos_usando_internet_banking,Anos_usando_banca_movil,Banca_movil_userfriendly,Frecuencia_internet_banking_mes,Frecuencia_banca_movil_mes,Frecuencia_pagamentos_tarjeta_mes,Frecuencia_tarjeta_virtual_mes,Frecuencia_saldo_cuenta_mes,TARGET
0.0,45.0,0.0,0.0,0.0,0.0,10.0,3.0,0.0,31.0,7.0,0.0,0.0,31.0,Perfil_2
0.0,30.0,1.0,0.0,0.0,1.0,10.0,3.0,0.0,0.0,7.0,1.0,0.0,0.0,Perfil_4
1.0,45.0,0.0,1.0,1.0,0.0,10.0,6.0,0.0,1.0,1.0,15.0,0.0,4.0,Perfil_4
0.0,30.0,0.0,0.0,1.0,1.0,10.0,6.0,1.0,16.152579582875962,50.0,15.0,0.0,0.0,Perfil_5
0.0,24.0,0.0,2.0,1.0,1.0,5.0,6.0,0.0,4.0,7.0,0.0,0.0,15.0,Perfil_4
1.0,35.0,0.4887295081967213,3.0,1.0,2.0,5.0,4.0,1.0,7.0,0.0,1.0,0.0,0.0,Perfil_4
1.0,24.0,0.0,4.0,0.0,2.0,5.0,3.0,0.0,31.0,4.0,1.0,0.0,0.0,Perfil_4
1.0,30.0,0.0,5.0,1.0,3.0,5.0,0.0,0.0,0.0,0.0,0.0,15.0,1.0,Perfil_4
0.0,50.0,0.0,6.0,0.0,1.581445523193096,5.0,3.0,1.0,0.0,0.0,0.0,1.0,30.0,Perfil_4
1.0,35.0,0.0,6.9594907407407405,0.0,0.0,10.0,3.0,0.0,31.0,1.0,0.0,0.0,0.0,Perfil_4
0.0,30.0,1.0,6.0,0.0,4.0,15.0,3.0,0.0,50.0,31.0,1.0,0.0,0.0,Perfil_2
1.0,30.0,0.0,2.0,0.7558494404883012,4.0,5.0,6.0,1.0,31.0,7.0,0.0,0.0,0.0,Perfil_4
1.0,45.0,0.0,5.0,0.0,1.0,5.0,3.0,1.0,7.0,4.0,0.0,0.0,31.0,Perfil_4
0.0,30.0,0.0,7.0,0.7558494404883012,0.0,10.0,0.0,0.0,31.0,17.853191489361702,0.0,0.0,35.0,Perfil_5
1.0,30.0,0.0,1.0,0.0,1.581445523193096,5.0,0.0,0.0,50.0,4.0,0.0,0.0,31.0,Perfil_2
1.0,40.0,1.0,6.0,1.0,1.0,5.0,7.0,1.0,0.0,31.0,1.0,0.0,31.0,Perfil_3
1.0,45.0,1.0,5.0,0.0,1.0,10.0,0.0,0.0,0.0,1.0,0.0,0.0,4.0,Perfil_4
1.0,40.0,1.0,8.0,1.0,2.0,5.0,3.0,0.0,7.0,1.0,1.0,0.0,15.0,Perfil_4
0.0,50.0,1.0,2.0,1.0,1.0,5.0,3.0,0.0,50.0,1.0,1.0,0.0,31.0,Perfil_2
0.0,35.0,0.0,6.9594907407407405,0.0,0.0,5.0,0.0,0.0,1.0,50.0,15.0,0.0,15.0,Perfil_2
1.0,35.0,1.0,5.0,1.0,5.0,10.0,3.0,0.0,31.0,0.0,0.0,0.0,15.0,Perfil_3
0.0,40.0,0.0,1.0,1.0,2.0,10.0,6.0,0.0,1.0,4.0,1.0,15.0,0.0,Perfil_4
1.0,30.0,1.0,5.0,0.0,2.0,5.0,3.0,1.0,30.0,7.0,1.0,0.0,31.0,Perfil_2
1.0,35.0,1.0,9.0,1.0,0.0,10.0,3.6391534391534393,0.0,1.0,50.0,0.0,0.0,31.0,Perfil_5
0.0,35.0,0.0,6.0,1.0,4.0,10.0,4.0,1.0,1.0,4.0,0.0,0.0,30.0,Perfil_0
1.0,30.0,1.0,0.0,1.0,2.0,5.0,0.0,0.0,7.0,4.0,1.0,0.0,0.0,Perfil_4
1.0,30.0,1.0,10.0,0.0,2.0,15.0,7.0,1.0,31.0,7.0,1.0,0.0,0.0,Perfil_3
1.0,30.0,0.0,6.9594907407407405,1.0,6.0,10.0,7.0,0.0,7.0,7.0,1.0,0.0,31.0,Perfil_3
1.0,30.0,1.0,0.0,0.0,4.0,10.0,3.0,0.0,0.0,0.0,31.0,0.0,35.0,Perfil_2
1.0,40.0,1.0,0.0,0.0,0.0,5.0,6.0,0.0,0.0,7.0,1.0,0.0,10.537512846865365,Perfil_5
0.0,24.0,0.0,11.0,0.0,5.0,5.0,4.0,1.0,31.0,0.0,0.0,0.0,15.0,Perfil_3
0.0,35.0,0.0,11.0,0.0,0.0,5.0,7.0,0.0,0.0,50.0,1.0,0.0,4.0,Perfil_3
1.0,40.0,1.0,12.0,2.0,1.581445523193096,0.0,6.0,0.0,1.0,7.0,31.0,0.0,0.0,Perfil_3
0.0,30.0,0.0,13.0,1.0,1.0,5.0,7.0,0.0,31.0,0.0,0.0,0.0,1.0,Perfil_4
1.0,35.0,1.0,5.0,1.0,0.0,5.0,3.0,1.0,1.0,0.0,0.0,0.0,31.0,Perfil_4
1.0,24.0,1.0,6.9594907407407405,1.0,0.0,5.0,0.0,0.0,30.0,31.0,1.0,15.0,7.0,Perfil_2
0.0,40.0,1.0,5.0,1.0,0.0,10.0,3.0,0.0,50.0,7.0,0.0,0.0,35.0,Perfil_0
0.0,24.0,1.0,14.0,2.0,2.0,0.0,6.0,0.0,1.0,31.0,15.0,0.0,0.0,Perfil_3
1.0,30.0,0.0,6.9594907407407405,0.0,1.0,0.0,3.0,0.0,7.0,7.0,31.0,31.0,15.0,Perfil_2
1.0,24.0,1.0,4.0,1.0,4.0,5.0,7.0,1.0,16.152579582875962,7.0,1.0,0.0,10.537512846865365,Perfil_5
0.0,35.0,1.0,5.0,0.0,1.581445523193096,10.0,3.6391534391534393,0.0,31.0,31.0,0.0,31.0,1.0,Perfil_5
1.0,50.0,1.0,6.9594907407407405,2.0,2.0,10.0,3.0,1.0,0.0,7.0,31.0,1.0,4.0,Perfil_3
0.0,24.0,0.0,4.0,1.0,0.0,0.0,3.6391534391534393,0.0,1.0,50.0,1.0,2.9959058341862845,31.0,Perfil_5
0.0,30.0,0.0,12.0,1.0,0.0,5.0,7.0,0.0,31.0,31.0,0.0,0.0,31.0,Perfil_1
0.0,50.0,1.0,5.0,0.0,2.0,5.0,3.0,1.0,31.0,0.0,1.0,1.0,30.0,Perfil_3
1.0,30.0,0.0,0.0,0.0,1.0,5.0,6.0,0.0,4.0,50.0,31.0,0.0,0.0,Perfil_2
1.0,30.0,0.0,15.0,1.0,0.0,5.0,7.0,0.0,31.0,1.0,1.0,0.0,30.0,Perfil_3
1.0,40.0,0.0,14.0,1.0,2.0,5.0,3.0,0.0,50.0,31.0,1.0,1.0,0.0,Perfil_2
1.0,45.0,1.0,16.0,1.0,2.0,5.0,3.0,0.0,1.0,1.0,31.0,0.0,1.0,Perfil_4
1.0,45.0,0.0,0.0,2.0,0.0,10.0,7.0,0.0,31.0,31.0,0.0,0.0,0.0,Perfil_3
1.0,35.0,0.0,0.0,2.0,2.0,5.0,3.0,1.0,1.0,1.0,0.0,1.0,0.0,Perfil_4
1.0,40.0,1.0,17.0,1.0,1.581445523193096,5.0,3.0,0.0,4.0,0.0,31.0,0.0,31.0,Perfil_2
0.0,35.0,0.0,2.0,0.0,0.0,6.1688843398157625,3.0,0.0,0.0,30.0,0.0,0.0,7.0,Perfil_5
0.0,30.0,0.0,2.0,1.0,0.0,5.0,6.0,0.0,7.0,4.0,0.0,15.0,0.0,Perfil_4
1.0,30.0,1.0,7.0,0.0,2.0,5.0,0.0,1.0,0.0,1.0,0.0,0.0,15.0,Perfil_4
1.0,24.0,0.0,2.0,1.0,0.0,5.0,6.0,1.0,31.0,0.0,1.0,0.0,0.0,Perfil_4
1.0,30.0,1.0,1.0,1.0,0.0,10.0,0.0,1.0,30.0,31.0,15.0,1.0,31.0,Perfil_1
0.5867082035306335,35.0,1.0,18.0,3.0,2.0,10.0,3.0,0.0,0.0,31.0,1.0,0.0,0.0,Perfil_5
1.0,30.0,0.0,3.0,3.0,0.0,0.0,4.0,0.0,31.0,7.0,1.0,0.0,7.0,Perfil_4
1.0,35.0,0.0,7.0,1.0,5.0,5.0,3.0,0.0,50.0,30.0,1.0,0.0,31.0,Perfil_1
1.0,24.0,1.0,6.9594907407407405,3.0,1.581445523193096,5.0,3.0,0.0,4.0,31.0,0.0,2.9959058341862845,30.0,Perfil_5
0.0,24.0,1.0,0.0,0.0,2.0,10.0,7.0,0.0,16.152579582875962,31.0,1.0,0.0,0.0,Perfil_5
1.0,50.0,0.0,0.0,2.0,2.0,0.0,3.0,0.0,50.0,7.0,0.0,0.0,4.0,Perfil_3
0.0,35.0,1.0,15.0,2.0,0.0,5.0,3.0,0.0,31.0,31.0,1.0,15.0,15.0,Perfil_2
0.0,30.0,1.0,0.0,0.0,0.0,5.0,4.0,0.0,31.0,1.0,0.0,15.0,10.537512846865365,Perfil_5
0.0,30.0,1.0,6.9594907407407405,1.0,1.0,0.0,3.0,0.0,0.0,0.0,30.0,0.0,7.0,Perfil_4
1.0,24.0,0.0,15.0,2.0,5.0,10.0,4.0,0.0,50.0,31.0,0.0,15.0,15.0,Perfil_1
1.0,30.0,1.0,6.9594907407407405,0.0,2.0,5.0,3.0,0.0,16.152579582875962,1.0,0.0,0.0,15.0,Perfil_5
1.0,35.0,0.0,1.0,1.0,0.0,5.0,6.0,0.0,31.0,31.0,1.0,0.0,15.0,Perfil_2
0.5867082035306335,30.0,1.0,0.0,0.0,2.0,10.0,0.0,1.0,16.152579582875962,4.0,1.0,15.0,15.0,Perfil_5
1.0,24.0,0.0,5.0,3.0,1.581445523193096,15.0,6.0,1.0,1.0,50.0,31.0,0.0,7.0,Perfil_1
2.0,30.0,0.0,2.0,0.0,1.0,5.0,3.0,0.0,0.0,0.0,1.0,0.0,0.0,Perfil_4
0.0,35.0,0.0,19.0,0.0,1.0,15.0,0.0,0.0,1.0,1.0,31.0,0.0,1.0,Perfil_4
1.0,45.0,1.0,2.0,1.0,0.0,5.0,7.0,0.0,31.0,50.0,4.0,0.0,15.0,Perfil_1
1.0,24.0,0.0,20.0,2.0,2.0,10.0,4.0,1.0,50.0,7.0,0.0,0.0,0.0,Perfil_3
0.0,40.0,1.0,6.9594907407407405,0.0,1.581445523193096,15.0,3.0,1.0,0.0,50.0,1.0,0.0,1.0,Perfil_3
0.0,40.0,1.0,6.9594907407407405,0.0,2.0,5.0,0.0,0.0,50.0,7.0,15.0,0.0,4.0,Perfil_2
0.0,45.0,0.0,5.0,0.0,3.0,5.0,3.0,0.0,0.0,1.0,15.0,0.0,31.0,Perfil_3
1.0,45.0,0.0,6.9594907407407405,1.0,1.581445523193096,10.0,6.0,0.0,1.0,30.0,1.0,1.0,31.0,Perfil_2
0.0,45.0,1.0,11.0,0.0,2.0,10.0,6.0,0.0,31.0,0.0,0.0,15.0,0.0,Perfil_3
0.0,30.0,0.0,12.0,1.0,2.0,10.0,3.0,1.0,31.0,0.0,0.0,0.0,0.0,Perfil_4
1.0,35.0,0.0,6.9594907407407405,1.0,1.0,5.0,6.0,1.0,16.152579582875962,50.0,31.0,0.0,31.0,Perfil_5
1.0,30.0,1.0,1.0,2.0,3.0,10.0,0.0,1.0,30.0,4.0,15.0,15.0,7.0,Perfil_1
0.0,40.0,0.0,21.0,2.0,2.0,5.0,3.0,0.0,30.0,1.0,1.0,0.0,31.0,Perfil_3
0.0,35.0,1.0,2.0,2.0,0.0,10.0,3.6391534391534393,0.0,1.0,0.0,1.0,0.0,1.0,Perfil_5
1.0,40.0,1.0,12.0,2.0,7.0,5.0,3.0,1.0,31.0,7.0,1.0,15.0,10.537512846865365,Perfil_5
1.0,30.0,1.0,1.0,2.0,2.0,5.0,3.6391534391534393,0.0,31.0,30.0,1.0,0.0,1.0,Perfil_5
0.5867082035306335,35.0,0.0,1.0,0.0,2.0,0.0,3.0,1.0,31.0,7.0,15.0,2.9959058341862845,0.0,Perfil_5
1.0,30.0,0.0,5.0,0.0,0.0,10.0,7.0,0.0,0.0,17.853191489361702,1.0,0.0,7.0,Perfil_5
0.0,35.0,1.0,2.0,0.0,0.0,0.0,3.0,0.0,0.0,4.0,15.0,15.0,0.0,Perfil_4
1.0,24.0,0.0,5.0,1.0,0.0,5.0,3.0,0.0,31.0,7.0,15.0,1.0,0.0,Perfil_3
1.0,30.0,1.0,6.0,1.0,1.0,0.0,3.0,1.0,7.0,31.0,1.0,0.0,0.0,Perfil_4
0.0,30.0,1.0,2.0,1.0,0.0,5.0,7.0,0.0,1.0,1.0,1.0,0.0,15.0,Perfil_4
1.0,50.0,1.0,6.9594907407407405,1.0,1.581445523193096,5.0,3.0,0.0,4.0,4.0,1.0,4.0,0.0,Perfil_4
2.0,30.0,0.0,6.0,1.0,0.0,5.0,3.0,1.0,7.0,0.0,15.0,0.0,15.0,Perfil_3
1.0,24.0,1.0,1.0,1.0,1.0,0.0,4.0,0.0,30.0,30.0,31.0,0.0,0.0,Perfil_2
0.0,40.0,1.0,2.0,0.0,1.581445523193096,5.0,3.0,1.0,16.152579582875962,7.0,0.0,0.0,0.0,Perfil_5
0.0,35.0,0.0,5.0,0.0,0.0,0.0,6.0,0.0,50.0,17.853191489361702,4.0,15.0,7.0,Perfil_5
1.0,35.0,0.0,5.0,0.0,0.0,5.0,3.0,0.0,16.152579582875962,0.0,15.0,0.0,0.0,Perfil_5
0.5867082035306335,50.0,0.0,6.0,1.0,0.0,5.0,3.0,1.0,0.0,7.0,15.0,1.0,0.0,Perfil_4
1.0,45.0,0.0,11.0,0.0,1.581445523193096,5.0,0.0,0.0,0.0,4.0,1.0,0.0,0.0,Perfil_4
0.0,30.0,1.0,2.0,2.0,0.0,5.0,3.0,0.0,1.0,7.0,1.0,4.0,30.0,Perfil_3
0.0,24.0,1.0,2.0,0.0,2.0,10.0,3.0,0.0,16.152579582875962,1.0,31.0,0.0,15.0,Perfil_5
0.0,35.0,1.0,2.0,1.0,0.0,5.0,6.0,0.0,7.0,31.0,1.0,0.0,31.0,Perfil_2
0.0,24.0,0.0,6.9594907407407405,0.0,2.0,5.0,3.0,1.0,0.0,30.0,1.0,15.0,7.0,Perfil_3
1.0,35.0,0.0,22.0,2.0,2.0,5.0,6.0,1.0,31.0,7.0,0.0,0.0,0.0,Perfil_4
1.0,24.0,1.0,7.0,1.0,2.0,0.0,3.0,0.0,4.0,50.0,1.0,0.0,0.0,Perfil_3
0.0,35.0,0.0,4.0,0.0,0.0,6.1688843398157625,5.0,0.0,50.0,4.0,15.0,0.0,0.0,Perfil_5
1.0,50.0,1.0,2.0,1.0,3.0,6.1688843398157625,3.0,0.0,31.0,7.0,1.0,0.0,7.0,Perfil_5
0.0,40.0,0.0,0.0,0.0,5.0,5.0,3.0,0.0,1.0,7.0,1.0,0.0,30.0,Perfil_4
1.0,50.0,0.0,14.0,1.0,2.0,10.0,3.0,0.0,0.0,30.0,0.0,0.0,31.0,Perfil_3
1.0,30.0,1.0,18.0,1.0,0.0,0.0,3.0,1.0,31.0,7.0,1.0,0.0,0.0,Perfil_4
1.0,30.0,0.0,5.0,1.0,3.0,10.0,7.0,1.0,0.0,31.0,1.0,0.0,1.0,Perfil_4
0.0,40.0,0.0,5.0,1.0,1.581445523193096,0.0,3.0,1.0,1.0,0.0,0.0,0.0,4.0,Perfil_4
0.0,30.0,0.0,6.9594907407407405,2.0,2.0,5.0,3.0,1.0,50.0,7.0,1.0,1.0,1.0,Perfil_3
0.0,40.0,1.0,0.0,0.0,2.0,5.0,3.0,0.0,16.152579582875962,1.0,1.0,0.0,7.0,Perfil_5
0.0,34.41326530612245,0.0,1.0,2.0,0.0,5.0,7.0,1.0,31.0,50.0,15.0,0.0,4.0,Perfil_1
1.0,30.0,1.0,6.0,0.0,2.0,15.0,7.0,1.0,0.0,0.0,1.0,0.0,15.0,Perfil_4
1.0,30.0,0.0,15.0,1.0,2.0,5.0,3.0,0.0,50.0,1.0,15.0,0.0,31.0,Perfil_2
1.0,35.0,0.0,6.0,1.0,2.0,0.0,3.0,1.0,50.0,0.0,0.0,0.0,0.0,Perfil_3
0.0,35.0,0.0,2.0,1.0,2.0,5.0,3.6391534391534393,1.0,16.152579582875962,50.0,1.0,0.0,15.0,Perfil_5
1.0,24.0,0.0,2.0,1.0,0.0,5.0,0.0,0.0,0.0,4.0,31.0,0.0,0.0,Perfil_4
1.0,35.0,0.0,0.0,2.0,1.0,5.0,3.0,0.0,30.0,0.0,31.0,0.0,7.0,Perfil_2
1.0,30.0,1.0,1.0,0.0,0.0,5.0,4.0,0.0,0.0,31.0,31.0,15.0,0.0,Perfil_2
1.0,35.0,1.0,2.0,1.0,2.0,10.0,4.0,1.0,31.0,30.0,1.0,0.0,7.0,Perfil_2
1.0,30.0,1.0,5.0,0.0,0.0,5.0,6.0,0.0,1.0,7.0,1.0,0.0,10.537512846865365,Perfil_5
0.0,24.0,1.0,6.9594907407407405,1.0,5.0,0.0,4.0,0.0,30.0,4.0,1.0,0.0,0.0,Perfil_4
0.0,30.0,0.0,1.0,0.0,1.0,10.0,0.0,0.0,1.0,31.0,31.0,0.0,0.0,Perfil_3
1.0,30.0,1.0,5.0,0.0,0.0,10.0,6.0,0.0,7.0,31.0,1.0,15.0,7.0,Perfil_2
1.0,45.0,1.0,5.0,1.0,0.0,10.0,3.0,0.0,30.0,31.0,1.0,15.0,0.0,Perfil_2
1.0,50.0,0.0,2.0,0.0,2.0,10.0,3.0,0.0,0.0,1.0,1.0,0.0,7.0,Perfil_4
0.0,40.0,1.0,5.0,1.0,1.0,5.0,3.0,0.0,7.0,50.0,1.0,0.0,30.0,Perfil_2
0.0,45.0,1.0,15.0,0.0,2.0,5.0,6.0,0.0,0.0,31.0,1.0,7.0,0.0,Perfil_3
1.0,50.0,0.0,6.0,0.0,1.581445523193096,5.0,7.0,0.0,7.0,50.0,0.0,0.0,0.0,Perfil_3
1.0,24.0,0.0,5.0,0.0,2.0,0.0,3.0,0.0,16.152579582875962,4.0,0.0,0.0,0.0,Perfil_5
0.0,30.0,0.0,5.0,1.0,2.0,5.0,0.0,0.0,7.0,31.0,0.0,0.0,0.0,Perfil_4
0.0,40.0,1.0,0.0,0.0,1.0,5.0,4.0,1.0,1.0,1.0,1.0,0.0,30.0,Perfil_4
0.0,45.0,0.0,0.0,1.0,0.0,5.0,3.6391534391534393,0.0,0.0,31.0,1.0,0.0,31.0,Perfil_5
1.0,30.0,1.0,12.0,1.0,4.0,5.0,4.0,0.0,30.0,0.0,1.0,15.0,0.0,Perfil_3
0.0,30.0,1.0,2.0,1.0,0.0,5.0,3.0,0.0,1.0,30.0,15.0,2.9959058341862845,31.0,Perfil_5
0.0,24.0,1.0,6.0,1.0,1.0,5.0,6.0,0.0,31.0,7.0,0.0,0.0,35.0,Perfil_2
0.0,50.0,1.0,1.0,2.0,1.0,10.0,3.0,0.0,7.0,4.0,0.0,0.0,4.0,Perfil_4
1.0,30.0,1.0,5.0,2.0,5.0,5.0,3.0,0.0,7.0,31.0,1.0,1.0,31.0,Perfil_2
1.0,24.0,1.0,5.0,0.0,1.581445523193096,5.0,6.0,1.0,7.0,7.0,1.0,0.0,7.0,Perfil_4
0.0,35.0,1.0,5.0,1.0,2.0,10.0,0.0,1.0,16.152579582875962,0.0,0.0,0.0,1.0,Perfil_5
0.0,50.0,0.0,12.0,0.0,2.0,10.0,3.0,0.0,16.152579582875962,7.0,31.0,31.0,0.0,Perfil_5
1.0,35.0,0.0,16.0,2.0,0.0,5.0,3.6391534391534393,0.0,0.0,50.0,0.0,0.0,15.0,Perfil_5
0.0,30.0,1.0,6.0,0.0,2.0,10.0,0.0,0.0,7.0,7.0,31.0,31.0,35.0,Perfil_2
0.0,30.0,0.0,7.0,0.0,2.0,5.0,3.0,1.0,50.0,0.0,31.0,0.0,4.0,Perfil_2
0.0,34.41326530612245,1.0,5.0,1.0,7.0,5.0,4.0,0.0,30.0,1.0,0.0,1.0,4.0,Perfil_4
1.0,40.0,1.0,5.0,1.0,0.0,10.0,3.0,0.0,0.0,4.0,1.0,0.0,31.0,Perfil_4
0.0,30.0,1.0,12.0,1.0,1.0,0.0,0.0,0.0,7.0,4.0,15.0,2.9959058341862845,15.0,Perfil_5
1.0,40.0,0.0,6.9594907407407405,0.0,4.0,10.0,6.0,0.0,31.0,0.0,1.0,15.0,15.0,Perfil_1
0.0,24.0,1.0,17.0,1.0,2.0,5.0,4.0,0.0,31.0,7.0,1.0,15.0,35.0,Perfil_2
0.5867082035306335,30.0,0.0,6.0,0.0,2.0,5.0,3.0,0.0,7.0,31.0,1.0,0.0,0.0,Perfil_4
0.5867082035306335,50.0,1.0,0.0,0.0,0.0,5.0,6.0,0.0,0.0,4.0,0.0,0.0,0.0,Perfil_4
1.0,35.0,1.0,12.0,1.0,0.0,0.0,3.0,1.0,7.0,31.0,1.0,0.0,30.0,Perfil_3
1.0,34.41326530612245,1.0,2.0,0.0,2.0,5.0,3.0,1.0,31.0,50.0,15.0,15.0,10.537512846865365,Perfil_5
0.0,35.0,0.0,1.0,1.0,0.0,5.0,3.0,1.0,7.0,30.0,1.0,0.0,7.0,Perfil_3
0.0,40.0,0.0,3.0,2.0,2.0,0.0,7.0,0.0,31.0,0.0,0.0,0.0,4.0,Perfil_4
1.0,30.0,0.0,6.9594907407407405,0.0,2.0,10.0,3.0,0.0,16.152579582875962,30.0,1.0,0.0,1.0,Perfil_5
0.0,30.0,1.0,6.0,2.0,2.0,10.0,6.0,0.0,0.0,4.0,15.0,0.0,4.0,Perfil_4
0.0,30.0,1.0,8.0,1.0,3.0,5.0,0.0,0.0,30.0,0.0,0.0,0.0,7.0,Perfil_4
0.0,30.0,0.0,1.0,1.0,0.0,5.0,4.0,0.0,7.0,30.0,0.0,0.0,7.0,Perfil_3
1.0,35.0,1.0,1.0,1.0,2.0,0.0,6.0,0.0,0.0,1.0,1.0,0.0,31.0,Perfil_4
0.0,30.0,1.0,12.0,1.0,2.0,10.0,3.0,0.0,0.0,31.0,1.0,1.0,4.0,Perfil_4
1.0,30.0,0.4887295081967213,6.0,1.0,5.0,5.0,7.0,0.0,31.0,7.0,1.0,1.0,1.0,Perfil_3
1.0,40.0,0.0,6.0,2.0,2.0,5.0,3.0,1.0,1.0,7.0,1.0,0.0,0.0,Perfil_4
1.0,30.0,1.0,1.0,0.0,0.0,10.0,3.0,1.0,0.0,7.0,15.0,0.0,30.0,Perfil_3
1.0,30.0,1.0,23.0,0.0,1.0,5.0,3.0,0.0,1.0,0.0,1.0,15.0,0.0,Perfil_4
0.5867082035306335,30.0,0.4887295081967213,2.0,0.0,0.0,10.0,6.0,1.0,7.0,7.0,1.0,0.0,7.0,Perfil_4
0.0,30.0,0.0,6.9594907407407405,0.7558494404883012,2.0,0.0,3.0,1.0,30.0,31.0,1.0,0.0,0.0,Perfil_3
1.0,50.0,1.0,6.0,0.0,1.0,5.0,7.0,0.0,16.152579582875962,0.0,0.0,0.0,7.0,Perfil_5
0.0,30.0,1.0,6.0,2.0,2.0,10.0,4.0,1.0,1.0,7.0,0.0,0.0,1.0,Perfil_4
1.0,50.0,0.0,2.0,0.0,4.0,5.0,3.0,1.0,1.0,30.0,1.0,2.9959058341862845,7.0,Perfil_5
0.0,24.0,1.0,2.0,0.0,0.0,0.0,3.0,1.0,31.0,1.0,6.118062563067609,0.0,1.0,Perfil_5
0.0,30.0,1.0,24.0,1.0,0.0,5.0,3.0,1.0,31.0,7.0,0.0,1.0,31.0,Perfil_2
1.0,30.0,1.0,2.0,1.0,2.0,5.0,3.0,0.0,30.0,50.0,1.0,15.0,15.0,Perfil_1
1.0,24.0,1.0,1.0,0.0,0.0,5.0,3.0,0.0,16.152579582875962,4.0,15.0,1.0,7.0,Perfil_5
0.0,30.0,1.0,6.9594907407407405,1.0,2.0,5.0,3.0,0.0,7.0,0.0,1.0,0.0,0.0,Perfil_4
0.0,30.0,1.0,2.0,0.0,0.0,5.0,0.0,0.0,50.0,7.0,1.0,0.0,10.537512846865365,Perfil_5
1.0,35.0,1.0,6.0,0.0,0.0,5.0,0.0,1.0,50.0,7.0,0.0,0.0,1.0,Perfil_3
0.0,45.0,1.0,6.9594907407407405,1.0,2.0,5.0,4.0,0.0,7.0,31.0,1.0,0.0,1.0,Perfil_4
1.0,50.0,1.0,1.0,0.0,1.0,5.0,3.0,0.0,31.0,17.853191489361702,31.0,0.0,7.0,Perfil_5
1.0,30.0,0.0,1.0,0.0,5.0,0.0,4.0,1.0,0.0,31.0,0.0,15.0,0.0,Perfil_3
1.0,30.0,1.0,5.0,0.0,2.0,5.0,3.0,1.0,1.0,50.0,15.0,0.0,31.0,Perfil_1
1.0,40.0,0.0,6.9594907407407405,1.0,5.0,10.0,3.0,1.0,7.0,50.0,1.0,0.0,0.0,Perfil_3
1.0,50.0,0.0,0.0,1.0,2.0,5.0,4.0,0.0,1.0,7.0,1.0,15.0,0.0,Perfil_4
1.0,45.0,1.0,7.0,1.0,1.0,5.0,3.0,0.0,0.0,4.0,0.0,0.0,0.0,Perfil_4
1.0,50.0,1.0,6.0,1.0,6.0,6.1688843398157625,4.0,0.0,31.0,0.0,1.0,0.0,1.0,Perfil_5
1.0,35.0,1.0,6.9594907407407405,1.0,2.0,10.0,6.0,0.0,7.0,4.0,0.0,15.0,15.0,Perfil_3
0.0,40.0,1.0,16.0,2.0,1.581445523193096,5.0,3.0,1.0,30.0,31.0,0.0,0.0,0.0,Perfil_3
0.0,30.0,0.0,2.0,1.0,1.581445523193096,5.0,3.0,1.0,0.0,31.0,1.0,0.0,0.0,Perfil_4
0.0,35.0,0.0,15.0,1.0,0.0,5.0,0.0,0.0,31.0,1.0,31.0,0.0,30.0,Perfil_1
1.0,35.0,1.0,12.0,1.0,2.0,6.1688843398157625,3.0,0.0,4.0,0.0,0.0,0.0,35.0,Perfil_5
0.0,24.0,1.0,5.0,0.0,2.0,5.0,3.0,0.0,1.0,7.0,30.0,0.0,31.0,Perfil_2
1.0,50.0,0.0,6.0,0.0,1.0,5.0,3.0,0.0,50.0,7.0,1.0,0.0,15.0,Perfil_2
0.0,35.0,1.0,6.9594907407407405,1.0,0.0,5.0,0.0,1.0,7.0,0.0,1.0,31.0,15.0,Perfil_3
1.0,30.0,0.0,25.0,0.0,0.0,6.1688843398157625,0.0,1.0,50.0,50.0,15.0,1.0,0.0,Perfil_5
1.0,35.0,1.0,0.0,1.0,0.0,5.0,4.0,0.0,50.0,31.0,6.118062563067609,0.0,4.0,Perfil_5
1.0,24.0,1.0,6.9594907407407405,1.0,1.0,5.0,0.0,0.0,7.0,0.0,1.0,0.0,31.0,Perfil_4
1.0,40.0,0.0,1.0,3.0,7.0,10.0,3.6391534391534393,1.0,31.0,31.0,31.0,0.0,1.0,Perfil_5
1.0,30.0,0.0,21.0,1.0,1.581445523193096,5.0,3.6391534391534393,0.0,1.0,17.853191489361702,15.0,15.0,7.0,Perfil_5
0.0,50.0,1.0,1.0,2.0,5.0,5.0,4.0,1.0,1.0,50.0,15.0,15.0,0.0,Perfil_2
1.0,50.0,1.0,17.0,1.0,2.0,5.0,3.6391534391534393,0.0,16.152579582875962,4.0,1.0,15.0,7.0,Perfil_5
0.0,24.0,0.0,26.0,0.0,2.0,5.0,6.0,1.0,1.0,50.0,0.0,0.0,1.0,Perfil_3
1.0,24.0,0.0,21.0,0.0,2.0,5.0,3.0,1.0,0.0,1.0,0.0,0.0,0.0,Perfil_4
0.0,50.0,1.0,17.0,3.0,0.0,15.0,3.0,0.0,31.0,17.853191489361702,0.0,0.0,31.0,Perfil_4
1.0,40.0,0.0,6.0,2.0,1.0,5.0,0.0,0.0,0.0,31.0,0.0,0.0,0.0,Perfil_4
1.0,45.0,1.0,6.0,1.0,1.0,5.0,3.0,0.0,7.0,0.0,15.0,1.0,10.537512846865365,Perfil_5
1.0,30.0,1.0,0.0,1.0,1.0,5.0,4.0,0.0,7.0,50.0,0.0,1.0,0.0,Perfil_3
1.0,35.0,0.0,6.0,1.0,6.0,10.0,0.0,1.0,50.0,1.0,1.0,0.0,31.0,Perfil_2
1.0,30.0,1.0,3.0,1.0,5.0,10.0,7.0,1.0,7.0,50.0,1.0,0.0,30.0,Perfil_2
1.0,30.0,0.0,10.0,0.0,2.0,5.0,3.0,1.0,1.0,7.0,31.0,0.0,30.0,Perfil_2
0.0,30.0,1.0,12.0,1.0,2.0,0.0,3.0,1.0,31.0,7.0,1.0,0.0,1.0,Perfil_4
0.0,45.0,1.0,5.0,0.0,2.0,10.0,5.0,1.0,16.152579582875962,30.0,1.0,1.0,0.0,Perfil_5
0.0,24.0,1.0,23.0,0.0,5.0,5.0,6.0,1.0,31.0,0.0,31.0,0.0,0.0,Perfil_3
1.0,30.0,0.0,5.0,1.0,0.0,5.0,3.0,0.0,50.0,7.0,15.0,0.0,15.0,Perfil_1
1.0,30.0,1.0,12.0,1.0,0.0,5.0,4.0,1.0,4.0,0.0,0.0,15.0,10.537512846865365,Perfil_4
1.0,35.0,1.0,6.9594907407407405,1.0,0.0,0.0,4.0,0.0,4.0,31.0,0.0,0.0,31.0,Perfil_3
0.0,35.0,1.0,0.0,1.0,0.0,5.0,3.0,0.0,4.0,7.0,1.0,15.0,0.0,Perfil_4
0.0,35.0,0.0,6.9594907407407405,1.0,5.0,5.0,3.0,0.0,31.0,31.0,1.0,0.0,1.0,Perfil_3
1.0,24.0,1.0,7.0,0.0,0.0,5.0,7.0,0.0,0.0,7.0,1.0,0.0,1.0,Perfil_4
0.0,45.0,0.0,6.9594907407407405,3.0,2.0,5.0,3.0,1.0,30.0,50.0,15.0,15.0,15.0,Perfil_0
1.0,35.0,0.0,12.0,1.0,0.0,10.0,0.0,0.0,31.0,7.0,1.0,0.0,7.0,Perfil_3
1.0,30.0,1.0,2.0,1.0,5.0,5.0,3.6391534391534393,0.0,0.0,1.0,0.0,0.0,0.0,Perfil_5
1.0,40.0,1.0,5.0,0.0,0.0,5.0,4.0,0.0,1.0,7.0,0.0,0.0,30.0,Perfil_4
1.0,45.0,1.0,6.0,0.0,1.581445523193096,10.0,5.0,1.0,0.0,31.0,0.0,0.0,4.0,Perfil_4
0.5867082035306335,30.0,0.0,6.0,1.0,2.0,0.0,6.0,0.0,16.152579582875962,50.0,0.0,1.0,30.0,Perfil_5
0.0,50.0,0.0,26.0,1.0,1.581445523193096,10.0,6.0,0.0,0.0,4.0,15.0,0.0,0.0,Perfil_4
1.0,35.0,0.0,0.0,0.0,1.0,10.0,0.0,0.0,1.0,0.0,0.0,0.0,7.0,Perfil_4
1.0,30.0,1.0,15.0,0.0,0.0,10.0,3.0,0.0,4.0,31.0,31.0,0.0,1.0,Perfil_2
1.0,30.0,1.0,6.0,2.0,1.581445523193096,5.0,5.0,0.0,31.0,7.0,7.0,0.0,30.0,Perfil_2
1.0,30.0,0.0,6.0,0.0,2.0,15.0,3.0,1.0,7.0,50.0,0.0,0.0,15.0,Perfil_2
1.0,35.0,0.0,6.9594907407407405,1.0,5.0,5.0,6.0,0.0,4.0,1.0,1.0,15.0,0.0,Perfil_4
0.0,35.0,0.0,7.0,0.0,0.0,5.0,3.0,0.0,50.0,50.0,0.0,0.0,0.0,Perfil_1
0.0,35.0,0.0,1.0,1.0,0.0,5.0,6.0,0.0,1.0,7.0,0.0,0.0,4.0,Perfil_4
1.0,35.0,0.0,12.0,0.0,2.0,10.0,3.0,1.0,30.0,7.0,1.0,0.0,31.0,Perfil_2
1.0,40.0,0.0,6.9594907407407405,0.7558494404883012,0.0,10.0,6.0,0.0,50.0,0.0,1.0,0.0,7.0,Perfil_2
0.0,45.0,1.0,2.0,0.0,2.0,5.0,3.0,1.0,16.152579582875962,31.0,0.0,15.0,0.0,Perfil_5
1.0,24.0,1.0,6.9594907407407405,0.0,1.581445523193096,5.0,3.0,1.0,1.0,1.0,15.0,0.0,4.0,Perfil_4
0.0,45.0,1.0,6.9594907407407405,0.0,2.0,10.0,6.0,0.0,4.0,50.0,31.0,0.0,4.0,Perfil_1
2.0,30.0,1.0,21.0,0.0,0.0,5.0,6.0,0.0,16.152579582875962,30.0,1.0,0.0,0.0,Perfil_5
1.0,24.0,0.0,0.0,1.0,0.0,5.0,4.0,0.0,16.152579582875962,1.0,0.0,0.0,0.0,Perfil_5
0.0,30.0,1.0,6.9594907407407405,0.0,0.0,10.0,4.0,1.0,31.0,0.0,0.0,0.0,7.0,Perfil_3
1.0,50.0,1.0,5.0,1.0,1.0,5.0,3.0,0.0,7.0,17.853191489361702,1.0,0.0,0.0,Perfil_5
0.0,24.0,1.0,0.0,1.0,2.0,5.0,0.0,1.0,31.0,4.0,1.0,1.0,7.0,Perfil_3
1.0,30.0,1.0,1.0,1.0,0.0,5.0,6.0,0.0,0.0,7.0,1.0,0.0,15.0,Perfil_4
0.0,35.0,1.0,2.0,1.0,4.0,5.0,3.0,0.0,0.0,17.853191489361702,15.0,0.0,1.0,Perfil_5
0.0,40.0,0.4887295081967213,6.9594907407407405,1.0,0.0,5.0,3.0,0.0,50.0,50.0,15.0,0.0,4.0,Perfil_1
1.0,30.0,0.0,2.0,1.0,0.0,5.0,3.6391534391534393,1.0,0.0,50.0,15.0,0.0,0.0,Perfil_5
1.0,30.0,0.0,5.0,1.0,2.0,5.0,3.0,0.0,30.0,31.0,0.0,0.0,0.0,Perfil_3
0.0,24.0,0.0,19.0,0.0,2.0,10.0,3.0,0.0,16.152579582875962,31.0,31.0,0.0,15.0,Perfil_5
1.0,35.0,1.0,6.0,1.0,1.581445523193096,5.0,3.6391534391534393,0.0,16.152579582875962,30.0,0.0,0.0,1.0,Perfil_5
1.0,34.41326530612245,1.0,6.9594907407407405,1.0,0.0,10.0,3.0,0.0,4.0,31.0,0.0,31.0,4.0,Perfil_3
1.0,24.0,0.0,2.0,2.0,0.0,5.0,0.0,0.0,31.0,31.0,1.0,15.0,0.0,Perfil_2
1.0,50.0,1.0,0.0,0.0,1.0,5.0,3.0,1.0,31.0,4.0,0.0,1.0,1.0,Perfil_4
1.0,30.0,1.0,16.0,1.0,2.0,5.0,4.0,0.0,0.0,50.0,0.0,0.0,31.0,Perfil_2
1.0,35.0,1.0,0.0,1.0,0.0,5.0,7.0,0.0,1.0,7.0,0.0,0.0,7.0,Perfil_4
1.0,30.0,1.0,12.0,1.0,4.0,10.0,4.0,0.0,0.0,31.0,1.0,15.0,15.0,Perfil_2
1.0,45.0,0.0,20.0,1.0,5.0,5.0,4.0,1.0,31.0,1.0,0.0,1.0,0.0,Perfil_4
0.0,40.0,0.0,27.0,1.0,5.0,5.0,4.0,0.0,7.0,50.0,1.0,15.0,15.0,Perfil_2
1.0,35.0,1.0,3.0,1.0,5.0,5.0,3.0,0.0,1.0,50.0,0.0,0.0,1.0,Perfil_3
1.0,35.0,1.0,6.9594907407407405,0.0,2.0,5.0,3.0,0.0,31.0,7.0,30.0,0.0,1.0,Perfil_2
0.0,35.0,0.0,0.0,1.0,2.0,5.0,3.0,0.0,30.0,7.0,1.0,0.0,1.0,Perfil_4
0.0,50.0,1.0,21.0,0.0,6.0,5.0,4.0,1.0,7.0,7.0,1.0,1.0,0.0,Perfil_4
0.0,45.0,0.0,2.0,1.0,1.581445523193096,10.0,3.0,1.0,50.0,4.0,1.0,0.0,0.0,Perfil_3
0.0,30.0,0.0,6.9594907407407405,0.0,0.0,0.0,3.0,0.0,31.0,0.0,31.0,1.0,10.537512846865365,Perfil_5
1.0,35.0,0.0,11.0,1.0,2.0,5.0,0.0,0.0,4.0,7.0,0.0,15.0,7.0,Perfil_4
1.0,30.0,1.0,6.0,0.0,1.0,10.0,3.0,1.0,16.152579582875962,7.0,15.0,0.0,7.0,Perfil_5
1.0,35.0,1.0,11.0,0.0,0.0,5.0,3.0,0.0,16.152579582875962,50.0,1.0,0.0,30.0,Perfil_5
0.0,24.0,0.0,2.0,1.0,1.0,10.0,6.0,0.0,30.0,30.0,0.0,0.0,10.537512846865365,Perfil_5
1.0,24.0,1.0,0.0,1.0,0.0,5.0,3.0,1.0,4.0,0.0,0.0,0.0,0.0,Perfil_4
1.0,35.0,0.0,6.0,1.0,0.0,5.0,7.0,0.0,4.0,50.0,15.0,0.0,0.0,Perfil_2
1.0,40.0,1.0,25.0,1.0,5.0,10.0,3.0,0.0,0.0,7.0,31.0,0.0,15.0,Perfil_2
0.0,50.0,0.0,6.0,0.0,2.0,5.0,3.0,0.0,1.0,7.0,1.0,0.0,30.0,Perfil_4
0.0,45.0,1.0,6.9594907407407405,0.0,1.0,0.0,6.0,0.0,30.0,50.0,0.0,0.0,31.0,Perfil_1
1.0,24.0,1.0,11.0,1.0,1.581445523193096,5.0,3.0,0.0,50.0,31.0,31.0,0.0,15.0,Perfil_0
0.0,40.0,0.0,7.0,0.0,0.0,6.0,3.0,1.0,4.0,0.0,1.0,15.0,4.0,Perfil_4
1.0,30.0,1.0,7.0,0.0,0.0,6.0,3.0,0.0,4.0,31.0,31.0,0.0,0.0,Perfil_2
0.0,24.0,1.0,2.0,1.0,2.0,5.0,3.0,0.0,7.0,7.0,0.0,15.0,7.0,Perfil_4
1.0,24.0,1.0,26.0,1.0,0.0,5.0,4.0,0.0,31.0,30.0,15.0,0.0,1.0,Perfil_2
1.0,30.0,1.0,1.0,0.0,4.0,5.0,6.0,0.0,50.0,1.0,0.0,0.0,1.0,Perfil_3
1.0,35.0,0.0,1.0,0.0,0.0,10.0,6.0,0.0,1.0,1.0,15.0,0.0,35.0,Perfil_3
1.0,30.0,0.4887295081967213,2.0,1.0,0.0,5.0,3.6391534391534393,1.0,30.0,7.0,15.0,0.0,15.0,Perfil_5
0.0,50.0,1.0,6.9594907407407405,0.7558494404883012,1.581445523193096,5.0,3.0,0.0,0.0,4.0,1.0,0.0,4.0,Perfil_4
1.0,40.0,1.0,1.0,0.0,2.0,10.0,3.6391534391534393,1.0,1.0,4.0,1.0,0.0,7.0,Perfil_5
0.0,24.0,0.0,1.0,0.0,2.0,6.1688843398157625,3.0,1.0,1.0,0.0,31.0,0.0,15.0,Perfil_5
1.0,45.0,0.0,2.0,1.0,0.0,5.0,3.0,0.0,31.0,7.0,15.0,0.0,15.0,Perfil_2
1.0,45.0,0.0,17.0,1.0,0.0,5.0,3.0,0.0,31.0,31.0,15.0,0.0,4.0,Perfil_2
0.0,45.0,0.0,1.0,1.0,0.0,5.0,6.0,0.0,1.0,7.0,1.0,1.0,0.0,Perfil_4
1.0,50.0,0.0,10.0,0.0,2.0,5.0,6.0,1.0,1.0,0.0,1.0,1.0,1.0,Perfil_4
1.0,40.0,0.0,6.9594907407407405,0.0,2.0,5.0,3.0,0.0,30.0,17.853191489361702,1.0,0.0,31.0,Perfil_5
0.5867082035306335,35.0,1.0,2.0,1.0,1.581445523193096,5.0,6.0,1.0,31.0,31.0,31.0,0.0,35.0,Perfil_0
0.0,30.0,0.0,1.0,0.0,5.0,5.0,4.0,0.0,0.0,31.0,0.0,0.0,15.0,Perfil_3
1.0,30.0,1.0,5.0,1.0,6.0,0.0,3.0,1.0,16.152579582875962,7.0,15.0,0.0,0.0,Perfil_5
0.0,45.0,0.0,1.0,2.0,0.0,10.0,3.6391534391534393,0.0,4.0,7.0,1.0,0.0,1.0,Perfil_5
1.0,24.0,0.0,6.0,1.0,1.0,5.0,3.0,0.0,16.152579582875962,0.0,31.0,0.0,15.0,Perfil_5
0.0,40.0,0.0,1.0,0.7558494404883012,2.0,5.0,3.0,0.0,30.0,4.0,1.0,0.0,31.0,Perfil_3
1.0,30.0,0.0,24.0,1.0,2.0,5.0,7.0,0.0,16.152579582875962,31.0,1.0,15.0,15.0,Perfil_5
1.0,30.0,1.0,1.0,0.0,5.0,5.0,3.0,0.0,31.0,7.0,0.0,31.0,15.0,Perfil_2
1.0,30.0,0.0,6.9594907407407405,0.0,4.0,10.0,3.0,0.0,0.0,50.0,0.0,1.0,0.0,Perfil_3
0.0,35.0,0.0,4.0,1.0,2.0,5.0,7.0,1.0,16.152579582875962,31.0,1.0,0.0,0.0,Perfil_5
1.0,30.0,1.0,5.0,0.0,0.0,5.0,3.6391534391534393,1.0,16.152579582875962,0.0,1.0,0.0,4.0,Perfil_5
0.0,45.0,0.0,12.0,2.0,0.0,5.0,3.0,0.0,0.0,1.0,1.0,0.0,1.0,Perfil_4
1.0,24.0,1.0,0.0,1.0,0.0,5.0,3.0,0.0,4.0,7.0,0.0,0.0,0.0,Perfil_4
1.0,30.0,1.0,6.0,0.0,3.0,10.0,3.0,0.0,50.0,0.0,31.0,0.0,15.0,Perfil_2
0.0,30.0,1.0,0.0,1.0,7.0,5.0,3.0,1.0,0.0,7.0,1.0,31.0,4.0,Perfil_3
1.0,30.0,1.0,6.9594907407407405,0.0,1.0,0.0,4.0,1.0,31.0,30.0,1.0,0.0,1.0,Perfil_3
0.0,35.0,0.0,2.0,1.0,0.0,0.0,4.0,0.0,16.152579582875962,1.0,1.0,0.0,7.0,Perfil_5
0.0,30.0,1.0,5.0,0.0,2.0,5.0,3.0,0.0,7.0,7.0,0.0,0.0,35.0,Perfil_3
1.0,30.0,0.0,1.0,1.0,0.0,5.0,0.0,0.0,30.0,30.0,1.0,0.0,31.0,Perfil_1
0.0,45.0,1.0,5.0,0.0,0.0,0.0,3.0,0.0,0.0,0.0,1.0,0.0,7.0,Perfil_4
1.0,35.0,0.4887295081967213,5.0,0.0,1.0,0.0,3.0,0.0,1.0,31.0,0.0,0.0,10.537512846865365,Perfil_5
1.0,40.0,0.0,6.9594907407407405,2.0,1.0,5.0,0.0,1.0,50.0,50.0,1.0,0.0,0.0,Perfil_1
1.0,45.0,0.0,15.0,0.0,1.0,5.0,3.0,0.0,1.0,17.853191489361702,1.0,0.0,1.0,Perfil_5
1.0,35.0,0.0,7.0,2.0,1.0,6.1688843398157625,3.0,1.0,4.0,4.0,1.0,0.0,0.0,Perfil_5
0.0,30.0,0.0,20.0,0.0,2.0,5.0,6.0,1.0,31.0,31.0,0.0,0.0,35.0,Perfil_1
0.0,30.0,0.0,6.9594907407407405,1.0,0.0,10.0,4.0,1.0,0.0,1.0,1.0,0.0,15.0,Perfil_4
1.0,50.0,0.0,6.9594907407407405,1.0,1.0,6.1688843398157625,3.0,0.0,4.0,50.0,1.0,0.0,1.0,Perfil_5
1.0,30.0,1.0,5.0,0.0,0.0,5.0,0.0,0.0,31.0,7.0,0.0,0.0,0.0,Perfil_4
1.0,30.0,1.0,0.0,2.0,2.0,5.0,6.0,1.0,4.0,30.0,15.0,0.0,1.0,Perfil_3
1.0,30.0,0.0,6.0,0.7558494404883012,0.0,5.0,7.0,1.0,1.0,31.0,15.0,0.0,0.0,Perfil_3
0.0,40.0,1.0,14.0,3.0,0.0,10.0,7.0,0.0,1.0,4.0,31.0,0.0,4.0,Perfil_3
0.0,45.0,0.0,6.0,0.0,0.0,0.0,3.0,1.0,1.0,30.0,1.0,0.0,35.0,Perfil_3
1.0,30.0,1.0,17.0,1.0,1.0,5.0,3.0,0.0,1.0,17.853191489361702,15.0,0.0,0.0,Perfil_5
1.0,35.0,1.0,5.0,1.0,1.0,10.0,3.0,1.0,1.0,4.0,0.0,0.0,7.0,Perfil_4
0.5867082035306335,30.0,0.0,28.0,2.0,2.0,10.0,3.0,0.0,31.0,7.0,1.0,0.0,30.0,Perfil_2
1.0,35.0,1.0,2.0,1.0,0.0,10.0,3.6391534391534393,0.0,1.0,50.0,1.0,0.0,0.0,Perfil_5
1.0,30.0,1.0,21.0,2.0,0.0,5.0,3.0,1.0,1.0,1.0,7.0,15.0,31.0,Perfil_3
0.0,24.0,0.0,14.0,0.0,3.0,5.0,5.0,0.0,7.0,50.0,15.0,1.0,31.0,Perfil_1
1.0,30.0,0.0,12.0,1.0,0.0,15.0,0.0,1.0,0.0,30.0,1.0,15.0,15.0,Perfil_3
1.0,30.0,0.0,13.0,0.0,0.0,10.0,6.0,0.0,31.0,4.0,1.0,0.0,0.0,Perfil_4
0.0,24.0,1.0,13.0,0.0,4.0,5.0,3.0,1.0,1.0,50.0,1.0,0.0,1.0,Perfil_3
1.0,35.0,0.0,27.0,1.0,0.0,0.0,3.0,1.0,50.0,0.0,31.0,15.0,1.0,Perfil_2
0.0,35.0,0.0,6.9594907407407405,1.0,2.0,10.0,6.0,1.0,31.0,0.0,1.0,1.0,35.0,Perfil_2
1.0,24.0,1.0,14.0,0.0,1.581445523193096,10.0,7.0,1.0,31.0,50.0,0.0,0.0,15.0,Perfil_1
1.0,30.0,0.0,4.0,0.0,2.0,5.0,5.0,1.0,31.0,31.0,0.0,15.0,31.0,Perfil_1
1.0,30.0,0.0,12.0,1.0,2.0,5.0,3.0,0.0,7.0,7.0,1.0,0.0,7.0,Perfil_4
0.0,50.0,1.0,6.9594907407407405,1.0,2.0,5.0,6.0,0.0,31.0,31.0,31.0,0.0,10.537512846865365,Perfil_5
0.0,30.0,1.0,6.0,1.0,4.0,0.0,4.0,0.0,16.152579582875962,31.0,0.0,0.0,0.0,Perfil_5
0.0,50.0,1.0,5.0,0.0,1.581445523193096,0.0,3.0,0.0,16.152579582875962,31.0,1.0,0.0,0.0,Perfil_5
1.0,35.0,0.0,6.9594907407407405,2.0,2.0,5.0,7.0,0.0,0.0,1.0,1.0,0.0,15.0,Perfil_4
1.0,30.0,1.0,2.0,0.7558494404883012,1.0,5.0,6.0,0.0,31.0,30.0,7.0,0.0,0.0,Perfil_2
0.0,24.0,0.0,6.9594907407407405,0.0,1.0,5.0,5.0,0.0,1.0,50.0,0.0,0.0,4.0,Perfil_3
0.5867082035306335,50.0,1.0,2.0,1.0,1.0,5.0,0.0,0.0,7.0,7.0,15.0,0.0,7.0,Perfil_3
1.0,40.0,1.0,17.0,0.0,1.581445523193096,10.0,7.0,1.0,0.0,31.0,15.0,1.0,1.0,Perfil_3
1.0,35.0,0.0,5.0,1.0,0.0,5.0,6.0,0.0,31.0,7.0,1.0,0.0,0.0,Perfil_4
1.0,30.0,1.0,5.0,1.0,0.0,10.0,0.0,0.0,31.0,7.0,0.0,0.0,7.0,Perfil_3
0.0,30.0,0.0,1.0,0.0,0.0,5.0,6.0,0.0,31.0,50.0,1.0,0.0,7.0,Perfil_2
1.0,30.0,0.0,0.0,1.0,2.0,10.0,4.0,1.0,0.0,1.0,1.0,0.0,0.0,Perfil_4
1.0,24.0,0.0,6.9594907407407405,0.0,0.0,5.0,3.0,0.0,1.0,50.0,1.0,0.0,0.0,Perfil_3
0.0,30.0,1.0,2.0,0.0,0.0,0.0,4.0,1.0,7.0,4.0,1.0,0.0,0.0,Perfil_4
1.0,30.0,0.0,2.0,0.7558494404883012,1.0,5.0,3.0,0.0,4.0,7.0,1.0,2.9959058341862845,31.0,Perfil_5
0.0,30.0,1.0,6.9594907407407405,1.0,0.0,10.0,3.0,0.0,50.0,50.0,0.0,0.0,31.0,Perfil_0
0.0,24.0,1.0,20.0,1.0,1.581445523193096,0.0,3.0,0.0,31.0,31.0,31.0,2.9959058341862845,7.0,Perfil_5
1.0,35.0,0.0,5.0,1.0,4.0,5.0,7.0,0.0,31.0,7.0,31.0,0.0,31.0,Perfil_1
1.0,40.0,0.0,5.0,1.0,5.0,5.0,3.0,1.0,50.0,1.0,0.0,0.0,15.0,Perfil_2
0.0,34.41326530612245,1.0,5.0,0.0,5.0,5.0,3.0,1.0,7.0,4.0,31.0,0.0,0.0,Perfil_3
1.0,40.0,1.0,6.9594907407407405,0.0,0.0,5.0,3.0,1.0,0.0,0.0,1.0,0.0,1.0,Perfil_4
0.0,50.0,1.0,5.0,0.0,2.0,0.0,3.0,0.0,1.0,7.0,0.0,0.0,0.0,Perfil_4
1.0,30.0,0.0,10.0,3.0,2.0,5.0,0.0,0.0,31.0,17.853191489361702,1.0,0.0,15.0,Perfil_5
1.0,50.0,0.0,6.0,0.0,1.581445523193096,5.0,3.0,0.0,0.0,50.0,31.0,0.0,7.0,Perfil_2
0.0,50.0,0.0,6.9594907407407405,1.0,4.0,10.0,6.0,0.0,31.0,31.0,0.0,0.0,15.0,Perfil_2
1.0,30.0,1.0,10.0,0.0,0.0,5.0,3.0,0.0,7.0,0.0,1.0,0.0,1.0,Perfil_4
0.0,35.0,0.0,6.0,3.0,0.0,10.0,3.0,0.0,0.0,30.0,1.0,0.0,0.0,Perfil_4
1.0,35.0,1.0,1.0,1.0,0.0,6.0,0.0,0.0,1.0,50.0,1.0,0.0,31.0,Perfil_2
1.0,40.0,1.0,19.0,0.0,1.0,10.0,3.0,0.0,7.0,30.0,15.0,0.0,0.0,Perfil_3
0.0,50.0,0.0,0.0,3.0,0.0,10.0,4.0,0.0,0.0,7.0,15.0,31.0,0.0,Perfil_3
0.0,30.0,1.0,6.0,1.0,0.0,5.0,3.0,1.0,1.0,50.0,1.0,2.9959058341862845,15.0,Perfil_5
0.0,24.0,0.0,5.0,0.0,0.0,5.0,6.0,1.0,0.0,50.0,0.0,15.0,4.0,Perfil_2
1.0,30.0,0.0,6.9594907407407405,0.0,2.0,10.0,3.0,1.0,1.0,31.0,0.0,1.0,0.0,Perfil_4
0.0,35.0,1.0,29.0,1.0,1.0,10.0,6.0,0.0,31.0,0.0,31.0,15.0,4.0,Perfil_2
1.0,24.0,1.0,2.0,0.0,0.0,5.0,0.0,0.0,16.152579582875962,7.0,1.0,1.0,4.0,Perfil_5
1.0,40.0,1.0,6.9594907407407405,1.0,1.581445523193096,10.0,3.0,0.0,1.0,17.853191489361702,1.0,0.0,31.0,Perfil_5
0.0,45.0,0.0,12.0,0.0,1.0,0.0,6.0,0.0,16.152579582875962,30.0,31.0,1.0,31.0,Perfil_5
1.0,40.0,0.4887295081967213,16.0,0.0,1.0,5.0,3.0,1.0,1.0,7.0,1.0,0.0,31.0,Perfil_3
0.0,34.41326530612245,0.0,5.0,1.0,0.0,5.0,3.0,1.0,30.0,31.0,1.0,15.0,1.0,Perfil_2
0.0,40.0,1.0,2.0,1.0,0.0,6.0,3.0,1.0,1.0,50.0,0.0,1.0,4.0,Perfil_3
1.0,35.0,1.0,6.0,0.7558494404883012,0.0,5.0,3.0,1.0,0.0,7.0,1.0,0.0,0.0,Perfil_4
1.0,35.0,1.0,0.0,1.0,0.0,10.0,7.0,0.0,30.0,4.0,15.0,0.0,1.0,Perfil_3
0.0,35.0,1.0,0.0,0.0,0.0,5.0,3.0,1.0,31.0,50.0,0.0,0.0,1.0,Perfil_2
1.0,30.0,0.0,15.0,1.0,0.0,15.0,3.0,1.0,0.0,31.0,1.0,0.0,0.0,Perfil_3
0.0,30.0,1.0,0.0,1.0,0.0,5.0,6.0,0.0,7.0,31.0,15.0,0.0,1.0,Perfil_3
0.0,30.0,0.0,6.9594907407407405,0.0,1.581445523193096,5.0,3.0,0.0,16.152579582875962,7.0,31.0,15.0,15.0,Perfil_5
1.0,35.0,0.0,13.0,0.0,4.0,5.0,3.6391534391534393,0.0,7.0,7.0,15.0,0.0,15.0,Perfil_5
0.0,50.0,0.0,1.0,1.0,2.0,5.0,3.0,0.0,31.0,4.0,1.0,15.0,15.0,Perfil_3
0.0,35.0,0.0,0.0,1.0,1.0,5.0,3.0,0.0,7.0,0.0,31.0,31.0,4.0,Perfil_3
0.0,35.0,1.0,29.0,2.0,2.0,5.0,6.0,0.0,7.0,50.0,1.0,15.0,10.537512846865365,Perfil_5
0.0,30.0,0.0,13.0,1.0,1.0,5.0,6.0,0.0,16.152579582875962,17.853191489361702,1.0,30.0,4.0,Perfil_4
0.0,30.0,0.4887295081967213,14.0,1.0,2.0,10.0,3.0,1.0,31.0,50.0,0.0,0.0,31.0,Perfil_1
0.0,30.0,0.0,5.0,0.0,1.0,5.0,3.0,0.0,31.0,1.0,0.0,0.0,15.0,Perfil_3
1.0,30.0,1.0,0.0,1.0,7.0,5.0,6.0,0.0,31.0,50.0,0.0,0.0,0.0,Perfil_2
1.0,40.0,0.0,20.0,1.0,0.0,5.0,3.0,0.0,0.0,1.0,1.0,31.0,30.0,Perfil_1
1.0,35.0,1.0,6.0,1.0,2.0,5.0,0.0,0.0,30.0,1.0,1.0,0.0,1.0,Perfil_4
0.0,30.0,0.0,6.0,0.0,2.0,5.0,3.0,0.0,7.0,30.0,1.0,15.0,7.0,Perfil_3
1.0,40.0,0.0,25.0,0.0,3.0,5.0,6.0,1.0,31.0,7.0,1.0,1.0,15.0,Perfil_3
0.5867082035306335,30.0,1.0,6.9594907407407405,0.0,5.0,5.0,5.0,1.0,30.0,7.0,15.0,0.0,7.0,Perfil_3
0.5867082035306335,24.0,0.0,5.0,1.0,2.0,5.0,3.0,1.0,31.0,17.853191489361702,0.0,0.0,7.0,Perfil_5
1.0,40.0,0.0,5.0,0.0,2.0,5.0,6.0,0.0,30.0,1.0,0.0,0.0,15.0,Perfil_3
0.0,40.0,0.0,5.0,1.0,0.0,10.0,6.0,0.0,7.0,31.0,7.0,0.0,0.0,Perfil_3
1.0,50.0,0.0,1.0,1.0,0.0,15.0,3.6391534391534393,0.0,16.152579582875962,31.0,0.0,0.0,7.0,Perfil_5
0.0,35.0,0.0,5.0,1.0,5.0,10.0,7.0,0.0,31.0,0.0,0.0,15.0,31.0,Perfil_2
0.0,34.41326530612245,1.0,6.9594907407407405,0.0,1.0,5.0,7.0,0.0,1.0,1.0,1.0,0.0,30.0,Perfil_4
2.0,40.0,0.0,19.0,0.0,0.0,5.0,6.0,0.0,16.152579582875962,31.0,1.0,0.0,4.0,Perfil_5
0.0,24.0,0.0,5.0,0.0,2.0,5.0,6.0,0.0,16.152579582875962,50.0,1.0,15.0,0.0,Perfil_5
0.0,50.0,0.0,0.0,0.0,2.0,5.0,3.0,0.0,4.0,31.0,6.118062563067609,1.0,0.0,Perfil_5
1.0,45.0,0.0,5.0,0.0,0.0,0.0,3.0,1.0,31.0,7.0,15.0,0.0,31.0,Perfil_2
0.0,35.0,1.0,4.0,2.0,1.0,10.0,3.0,0.0,30.0,30.0,1.0,0.0,31.0,Perfil_1
1.0,24.0,1.0,6.9594907407407405,0.0,4.0,5.0,0.0,1.0,31.0,7.0,15.0,0.0,30.0,Perfil_2
1.0,40.0,0.0,2.0,1.0,0.0,5.0,6.0,1.0,31.0,7.0,0.0,0.0,15.0,Perfil_3
1.0,24.0,1.0,15.0,1.0,2.0,5.0,3.0,0.0,1.0,50.0,15.0,0.0,31.0,Perfil_1
0.0,30.0,1.0,5.0,0.0,2.0,5.0,3.0,0.0,16.152579582875962,0.0,1.0,2.9959058341862845,15.0,Perfil_5
0.0,35.0,0.0,5.0,1.0,1.0,15.0,6.0,0.0,31.0,31.0,1.0,0.0,10.537512846865365,Perfil_4
1.0,34.41326530612245,1.0,5.0,0.0,0.0,0.0,3.0,0.0,7.0,31.0,1.0,0.0,1.0,Perfil_4
1.0,30.0,1.0,6.0,2.0,1.0,5.0,3.0,0.0,31.0,50.0,1.0,0.0,1.0,Perfil_2
1.0,50.0,1.0,6.0,1.0,0.0,5.0,3.6391534391534393,0.0,1.0,7.0,1.0,0.0,15.0,Perfil_5
0.0,30.0,0.0,5.0,0.0,2.0,5.0,3.0,1.0,31.0,31.0,1.0,0.0,0.0,Perfil_3
0.0,24.0,0.0,17.0,1.0,0.0,5.0,3.6391534391534393,0.0,31.0,31.0,31.0,0.0,31.0,Perfil_5
1.0,30.0,1.0,6.0,0.0,0.0,10.0,3.0,0.0,31.0,0.0,15.0,0.0,4.0,Perfil_3
1.0,24.0,0.0,5.0,1.0,0.0,10.0,7.0,1.0,7.0,30.0,0.0,0.0,10.537512846865365,Perfil_5
1.0,30.0,1.0,4.0,1.0,0.0,5.0,3.0,1.0,31.0,1.0,1.0,0.0,0.0,Perfil_4
1.0,24.0,1.0,5.0,1.0,5.0,5.0,0.0,1.0,0.0,30.0,1.0,0.0,7.0,Perfil_4
0.0,40.0,0.0,2.0,1.0,0.0,5.0,3.0,0.0,4.0,7.0,1.0,0.0,7.0,Perfil_4
1.0,30.0,1.0,6.9594907407407405,0.0,2.0,5.0,5.0,0.0,0.0,30.0,0.0,0.0,0.0,Perfil_4
1.0,24.0,0.0,1.0,1.0,2.0,5.0,3.0,0.0,50.0,30.0,1.0,15.0,0.0,Perfil_1
1.0,40.0,1.0,0.0,1.0,1.0,10.0,3.0,0.0,7.0,7.0,1.0,0.0,15.0,Perfil_3
1.0,50.0,0.0,2.0,0.0,2.0,5.0,0.0,1.0,4.0,7.0,0.0,0.0,7.0,Perfil_4
0.0,30.0,0.0,1.0,0.0,0.0,10.0,3.0,0.0,1.0,31.0,0.0,15.0,0.0,Perfil_3
1.0,45.0,0.4887295081967213,0.0,1.0,1.581445523193096,5.0,3.0,0.0,31.0,7.0,15.0,0.0,1.0,Perfil_3
1.0,30.0,0.0,5.0,0.7558494404883012,0.0,5.0,3.0,0.0,1.0,50.0,0.0,0.0,1.0,Perfil_3
1.0,35.0,0.0,14.0,1.0,2.0,5.0,3.0,0.0,1.0,17.853191489361702,1.0,0.0,1.0,Perfil_5
0.0,45.0,1.0,6.9594907407407405,0.7558494404883012,0.0,5.0,6.0,1.0,7.0,31.0,15.0,0.0,31.0,Perfil_2
1.0,24.0,0.0,6.9594907407407405,0.0,0.0,5.0,4.0,0.0,1.0,17.853191489361702,1.0,1.0,0.0,Perfil_5
0.0,30.0,1.0,6.9594907407407405,2.0,4.0,10.0,3.0,1.0,16.152579582875962,1.0,0.0,0.0,0.0,Perfil_5
0.0,40.0,0.0,3.0,1.0,2.0,10.0,7.0,0.0,1.0,0.0,1.0,1.0,0.0,Perfil_4
1.0,30.0,1.0,15.0,2.0,0.0,5.0,3.0,0.0,7.0,4.0,1.0,0.0,1.0,Perfil_4
1.0,35.0,1.0,1.0,1.0,7.0,10.0,7.0,0.0,31.0,17.853191489361702,1.0,0.0,15.0,Perfil_5
0.0,45.0,0.0,6.0,1.0,1.0,5.0,3.6391534391534393,0.0,30.0,31.0,0.0,0.0,31.0,Perfil_5
0.0,30.0,0.0,6.9594907407407405,1.0,1.0,10.0,6.0,0.0,0.0,0.0,1.0,15.0,0.0,Perfil_4
1.0,50.0,1.0,6.0,0.0,1.0,5.0,6.0,0.0,1.0,7.0,0.0,0.0,7.0,Perfil_4
1.0,30.0,1.0,17.0,1.0,0.0,10.0,3.0,0.0,7.0,17.853191489361702,15.0,15.0,7.0,Perfil_5
1.0,35.0,0.0,5.0,0.0,3.0,0.0,0.0,1.0,7.0,1.0,1.0,0.0,1.0,Perfil_4
0.0,40.0,1.0,6.0,1.0,2.0,0.0,4.0,0.0,31.0,30.0,1.0,0.0,15.0,Perfil_2
0.0,30.0,1.0,5.0,0.0,1.0,0.0,3.0,0.0,0.0,17.853191489361702,1.0,2.9959058341862845,31.0,Perfil_5
1.0,35.0,1.0,5.0,0.0,2.0,10.0,3.0,0.0,7.0,31.0,1.0,0.0,35.0,Perfil_2
0.0,24.0,0.0,6.9594907407407405,1.0,2.0,5.0,0.0,0.0,31.0,4.0,0.0,0.0,0.0,Perfil_4
0.0,45.0,0.0,26.0,1.0,0.0,5.0,3.0,0.0,50.0,1.0,1.0,0.0,31.0,Perfil_2
1.0,30.0,0.0,11.0,1.0,0.0,5.0,6.0,0.0,0.0,7.0,0.0,0.0,31.0,Perfil_3
1.0,30.0,0.0,5.0,0.0,6.0,5.0,3.0,0.0,7.0,7.0,1.0,0.0,15.0,Perfil_4
1.0,35.0,0.0,6.9594907407407405,0.0,0.0,5.0,6.0,1.0,30.0,31.0,1.0,0.0,0.0,Perfil_3
1.0,24.0,1.0,4.0,1.0,2.0,5.0,3.0,0.0,7.0,0.0,0.0,1.0,15.0,Perfil_4
0.0,40.0,1.0,6.9594907407407405,1.0,0.0,5.0,3.0,0.0,0.0,30.0,31.0,0.0,31.0,Perfil_1
1.0,35.0,0.0,1.0,1.0,0.0,6.1688843398157625,6.0,0.0,7.0,31.0,1.0,0.0,31.0,Perfil_5
1.0,30.0,0.0,15.0,1.0,4.0,0.0,3.0,0.0,31.0,50.0,1.0,15.0,1.0,Perfil_1
1.0,35.0,1.0,1.0,1.0,2.0,10.0,3.0,0.0,31.0,31.0,31.0,0.0,7.0,Perfil_1
0.0,30.0,1.0,2.0,2.0,0.0,15.0,3.0,1.0,1.0,7.0,7.0,0.0,31.0,Perfil_3
1.0,50.0,0.0,6.9594907407407405,1.0,0.0,0.0,3.0,0.0,1.0,30.0,1.0,0.0,0.0,Perfil_4
1.0,45.0,1.0,11.0,1.0,2.0,10.0,7.0,0.0,50.0,7.0,0.0,0.0,0.0,Perfil_3
1.0,30.0,0.0,17.0,1.0,0.0,5.0,3.0,0.0,7.0,50.0,1.0,2.9959058341862845,0.0,Perfil_5
0.0,35.0,1.0,2.0,1.0,2.0,5.0,3.0,0.0,50.0,31.0,0.0,2.9959058341862845,31.0,Perfil_5
1.0,40.0,1.0,6.9594907407407405,1.0,0.0,5.0,3.0,1.0,31.0,50.0,1.0,0.0,0.0,Perfil_2
1.0,24.0,0.0,6.0,0.0,1.581445523193096,5.0,3.0,1.0,50.0,0.0,1.0,0.0,15.0,Perfil_3
1.0,30.0,0.0,7.0,1.0,0.0,0.0,3.0,0.0,16.152579582875962,31.0,15.0,15.0,15.0,Perfil_5
1.0,50.0,0.0,7.0,0.0,5.0,10.0,3.0,0.0,31.0,17.853191489361702,1.0,0.0,0.0,Perfil_5
0.0,24.0,1.0,15.0,0.0,1.0,5.0,4.0,1.0,31.0,0.0,31.0,0.0,31.0,Perfil_1
1.0,35.0,0.0,5.0,2.0,2.0,5.0,0.0,1.0,4.0,1.0,31.0,0.0,4.0,Perfil_4
1.0,40.0,0.0,26.0,0.0,2.0,10.0,3.0,0.0,31.0,0.0,15.0,1.0,0.0,Perfil_3
1.0,34.41326530612245,1.0,2.0,0.0,5.0,10.0,3.6391534391534393,0.0,1.0,7.0,1.0,0.0,0.0,Perfil_5
0.0,50.0,1.0,14.0,1.0,4.0,5.0,3.0,0.0,7.0,50.0,1.0,0.0,0.0,Perfil_3
0.0,35.0,1.0,1.0,1.0,1.0,5.0,5.0,0.0,30.0,30.0,1.0,0.0,0.0,Perfil_3
1.0,30.0,0.0,5.0,3.0,2.0,5.0,7.0,1.0,16.152579582875962,0.0,0.0,0.0,15.0,Perfil_5
1.0,24.0,0.0,0.0,0.0,1.581445523193096,10.0,0.0,0.0,1.0,7.0,1.0,0.0,31.0,Perfil_4
1.0,30.0,1.0,2.0,1.0,2.0,10.0,4.0,0.0,1.0,7.0,1.0,15.0,1.0,Perfil_4
1.0,35.0,0.0,12.0,0.0,2.0,5.0,3.0,0.0,7.0,7.0,31.0,0.0,1.0,Perfil_3
1.0,45.0,1.0,2.0,3.0,2.0,0.0,3.0,1.0,16.152579582875962,0.0,1.0,0.0,1.0,Perfil_5
0.0,30.0,0.0,12.0,1.0,1.581445523193096,5.0,3.0,0.0,0.0,31.0,0.0,0.0,31.0,Perfil_3
0.0,35.0,0.0,6.9594907407407405,0.0,5.0,10.0,0.0,0.0,1.0,31.0,1.0,15.0,0.0,Perfil_3
0.0,40.0,0.0,2.0,0.0,2.0,5.0,3.0,0.0,1.0,31.0,0.0,0.0,4.0,Perfil_4
1.0,35.0,1.0,1.0,0.0,1.0,10.0,6.0,1.0,7.0,7.0,15.0,1.0,31.0,Perfil_3
0.0,34.41326530612245,1.0,6.0,0.0,0.0,10.0,0.0,1.0,7.0,4.0,31.0,4.0,1.0,Perfil_3
0.0,45.0,1.0,0.0,3.0,1.581445523193096,0.0,3.0,0.0,7.0,7.0,31.0,0.0,15.0,Perfil_3
1.0,30.0,0.4887295081967213,22.0,0.0,5.0,5.0,3.0,0.0,31.0,7.0,15.0,1.0,7.0,Perfil_3
1.0,45.0,1.0,0.0,2.0,7.0,5.0,3.0,0.0,0.0,50.0,1.0,0.0,15.0,Perfil_2
0.0,30.0,1.0,6.0,2.0,2.0,10.0,4.0,0.0,16.152579582875962,7.0,31.0,0.0,31.0,Perfil_5
0.0,30.0,0.0,2.0,1.0,2.0,0.0,3.0,0.0,31.0,50.0,15.0,0.0,1.0,Perfil_1
1.0,50.0,1.0,7.0,1.0,0.0,5.0,7.0,0.0,31.0,50.0,1.0,15.0,1.0,Perfil_1
1.0,45.0,1.0,6.9594907407407405,1.0,0.0,10.0,5.0,0.0,0.0,31.0,0.0,1.0,30.0,Perfil_2
1.0,24.0,0.0,13.0,0.0,2.0,10.0,7.0,1.0,0.0,7.0,1.0,0.0,1.0,Perfil_4
0.0,40.0,1.0,6.9594907407407405,1.0,0.0,10.0,3.0,1.0,4.0,50.0,31.0,0.0,7.0,Perfil_1
1.0,30.0,0.0,14.0,2.0,1.0,0.0,3.0,1.0,1.0,7.0,1.0,15.0,1.0,Perfil_4
0.5867082035306335,35.0,1.0,22.0,1.0,5.0,5.0,3.0,0.0,31.0,30.0,7.0,1.0,15.0,Perfil_2
1.0,35.0,1.0,6.9594907407407405,1.0,5.0,0.0,3.0,0.0,31.0,7.0,0.0,15.0,0.0,Perfil_3
1.0,35.0,0.0,6.9594907407407405,0.0,7.0,5.0,3.0,0.0,0.0,17.853191489361702,31.0,0.0,7.0,Perfil_5
0.0,40.0,0.0,2.0,1.0,0.0,5.0,3.0,0.0,50.0,17.853191489361702,1.0,0.0,0.0,Perfil_5
1.0,50.0,0.0,16.0,1.0,2.0,5.0,3.0,1.0,0.0,50.0,1.0,0.0,0.0,Perfil_3
1.0,35.0,1.0,0.0,1.0,1.0,10.0,7.0,1.0,4.0,17.853191489361702,0.0,0.0,30.0,Perfil_5
1.0,40.0,1.0,5.0,1.0,2.0,0.0,4.0,0.0,1.0,30.0,0.0,2.9959058341862845,0.0,Perfil_5
1.0,24.0,0.0,6.9594907407407405,0.0,0.0,0.0,3.0,0.0,16.152579582875962,1.0,1.0,0.0,0.0,Perfil_5
0.0,30.0,0.0,6.0,1.0,1.0,5.0,6.0,0.0,7.0,50.0,1.0,0.0,35.0,Perfil_1
1.0,30.0,1.0,6.9594907407407405,1.0,3.0,5.0,6.0,1.0,1.0,30.0,1.0,0.0,0.0,Perfil_4
1.0,30.0,0.4887295081967213,11.0,1.0,1.0,5.0,3.6391534391534393,1.0,30.0,50.0,1.0,0.0,0.0,Perfil_5
1.0,50.0,0.0,5.0,1.0,0.0,5.0,7.0,1.0,31.0,0.0,15.0,0.0,0.0,Perfil_3
1.0,30.0,0.0,5.0,0.0,0.0,5.0,4.0,1.0,30.0,7.0,1.0,2.9959058341862845,0.0,Perfil_5
0.0,24.0,0.0,1.0,2.0,0.0,10.0,7.0,0.0,31.0,4.0,1.0,15.0,4.0,Perfil_3
0.5867082035306335,50.0,0.0,6.0,0.0,0.0,10.0,6.0,0.0,31.0,4.0,1.0,0.0,0.0,Perfil_4
0.0,35.0,1.0,1.0,0.0,2.0,5.0,3.0,0.0,50.0,50.0,15.0,0.0,1.0,Perfil_1
1.0,50.0,1.0,12.0,0.0,2.0,5.0,3.0,1.0,30.0,4.0,1.0,1.0,31.0,Perfil_3
1.0,30.0,0.4887295081967213,17.0,0.0,0.0,5.0,3.0,0.0,0.0,50.0,0.0,0.0,31.0,Perfil_2
0.0,24.0,1.0,6.0,1.0,2.0,5.0,3.0,0.0,50.0,50.0,1.0,0.0,1.0,Perfil_1
1.0,50.0,0.0,2.0,0.0,0.0,5.0,4.0,1.0,16.152579582875962,4.0,1.0,1.0,31.0,Perfil_5
1.0,35.0,1.0,6.0,1.0,0.0,0.0,4.0,0.0,50.0,0.0,31.0,0.0,0.0,Perfil_2
1.0,40.0,1.0,2.0,3.0,1.581445523193096,10.0,4.0,0.0,7.0,31.0,1.0,0.0,15.0,Perfil_3
0.0,30.0,1.0,2.0,2.0,2.0,5.0,3.0,0.0,16.152579582875962,7.0,31.0,0.0,0.0,Perfil_5
0.0,30.0,0.0,5.0,0.0,5.0,10.0,0.0,0.0,4.0,0.0,1.0,0.0,31.0,Perfil_4
1.0,24.0,1.0,6.9594907407407405,2.0,1.581445523193096,5.0,3.6391534391534393,0.0,50.0,31.0,15.0,0.0,30.0,Perfil_5
1.0,35.0,1.0,2.0,1.0,2.0,10.0,6.0,0.0,16.152579582875962,31.0,31.0,0.0,4.0,Perfil_5
0.0,35.0,0.0,21.0,0.0,2.0,0.0,3.0,1.0,31.0,31.0,1.0,0.0,15.0,Perfil_2
0.0,24.0,1.0,2.0,1.0,0.0,5.0,6.0,0.0,50.0,1.0,0.0,0.0,15.0,Perfil_2
1.0,24.0,1.0,4.0,1.0,0.0,5.0,6.0,1.0,50.0,50.0,1.0,0.0,0.0,Perfil_1
1.0,30.0,1.0,2.0,1.0,5.0,0.0,7.0,0.0,30.0,31.0,15.0,0.0,0.0,Perfil_2
0.0,30.0,1.0,26.0,1.0,0.0,5.0,3.6391534391534393,0.0,7.0,1.0,0.0,15.0,0.0,Perfil_5
0.0,40.0,0.0,15.0,1.0,2.0,5.0,3.0,1.0,1.0,50.0,1.0,0.0,0.0,Perfil_3
1.0,24.0,1.0,5.0,2.0,2.0,5.0,4.0,1.0,4.0,4.0,0.0,0.0,1.0,Perfil_4
1.0,45.0,0.0,2.0,0.0,0.0,5.0,6.0,0.0,1.0,7.0,15.0,30.0,7.0,Perfil_3
0.5867082035306335,30.0,1.0,17.0,0.0,2.0,0.0,7.0,0.0,1.0,7.0,0.0,0.0,1.0,Perfil_4
1.0,30.0,0.0,6.9594907407407405,1.0,0.0,5.0,3.0,0.0,31.0,50.0,1.0,0.0,15.0,Perfil_1
0.0,24.0,1.0,6.0,1.0,0.0,5.0,3.0,0.0,1.0,1.0,31.0,31.0,31.0,Perfil_2
1.0,35.0,1.0,6.9594907407407405,1.0,2.0,5.0,7.0,0.0,7.0,7.0,31.0,15.0,10.537512846865365,Perfil_5
1.0,50.0,1.0,1.0,1.0,2.0,5.0,3.0,1.0,31.0,1.0,1.0,0.0,0.0,Perfil_4
0.0,30.0,0.0,1.0,1.0,2.0,10.0,3.0,0.0,16.152579582875962,31.0,1.0,0.0,0.0,Perfil_5
0.5867082035306335,40.0,1.0,0.0,1.0,2.0,5.0,4.0,0.0,31.0,1.0,15.0,0.0,4.0,Perfil_3
0.0,24.0,0.0,5.0,1.0,2.0,10.0,3.0,0.0,50.0,50.0,0.0,0.0,31.0,Perfil_0
1.0,40.0,1.0,6.0,0.0,5.0,5.0,3.0,0.0,50.0,50.0,1.0,7.0,15.0,Perfil_0
1.0,30.0,1.0,10.0,0.0,1.0,10.0,6.0,0.0,7.0,50.0,1.0,1.0,7.0,Perfil_2
0.0,30.0,1.0,1.0,0.0,1.581445523193096,5.0,6.0,0.0,31.0,7.0,4.0,0.0,15.0,Perfil_3
1.0,30.0,0.0,18.0,1.0,0.0,5.0,6.0,1.0,7.0,50.0,1.0,1.0,7.0,Perfil_3
0.0,35.0,0.0,2.0,0.0,1.581445523193096,5.0,3.6391534391534393,1.0,1.0,4.0,1.0,0.0,0.0,Perfil_5
1.0,30.0,1.0,3.0,2.0,5.0,5.0,4.0,0.0,7.0,7.0,0.0,0.0,15.0,Perfil_4
0.0,24.0,1.0,5.0,0.0,0.0,10.0,6.0,0.0,1.0,50.0,1.0,0.0,15.0,Perfil_2
0.0,35.0,1.0,11.0,1.0,5.0,5.0,4.0,0.0,7.0,7.0,1.0,0.0,0.0,Perfil_4
0.0,45.0,1.0,2.0,1.0,0.0,15.0,3.0,0.0,1.0,31.0,1.0,15.0,15.0,Perfil_2
1.0,30.0,1.0,15.0,0.0,2.0,10.0,6.0,0.0,50.0,1.0,15.0,0.0,15.0,Perfil_1
0.0,24.0,0.0,2.0,1.0,0.0,5.0,3.0,0.0,7.0,31.0,1.0,0.0,35.0,Perfil_2
0.0,30.0,0.0,6.9594907407407405,0.0,2.0,0.0,3.0,0.0,1.0,30.0,1.0,0.0,0.0,Perfil_4
1.0,30.0,1.0,2.0,1.0,0.0,6.1688843398157625,3.0,0.0,16.152579582875962,0.0,1.0,15.0,0.0,Perfil_5
0.0,34.41326530612245,0.0,0.0,1.0,1.0,10.0,3.0,0.0,30.0,31.0,1.0,0.0,0.0,Perfil_2
1.0,30.0,0.0,7.0,0.0,2.0,10.0,6.0,0.0,0.0,31.0,0.0,15.0,0.0,Perfil_3
0.0,30.0,0.0,1.0,1.0,2.0,10.0,6.0,0.0,16.152579582875962,7.0,0.0,0.0,0.0,Perfil_5
1.0,34.41326530612245,0.0,6.0,0.0,3.0,10.0,3.0,0.0,31.0,17.853191489361702,1.0,0.0,15.0,Perfil_5
1.0,30.0,0.0,2.0,1.0,1.581445523193096,5.0,3.0,1.0,1.0,1.0,15.0,0.0,15.0,Perfil_4
0.0,35.0,1.0,5.0,1.0,2.0,10.0,3.6391534391534393,1.0,1.0,31.0,1.0,0.0,1.0,Perfil_5
1.0,24.0,1.0,6.0,1.0,1.0,5.0,6.0,1.0,1.0,31.0,1.0,0.0,1.0,Perfil_4
1.0,35.0,0.0,6.9594907407407405,0.0,0.0,5.0,6.0,0.0,4.0,0.0,1.0,0.0,0.0,Perfil_4
0.5867082035306335,50.0,0.0,2.0,0.0,2.0,0.0,3.0,1.0,4.0,7.0,0.0,0.0,7.0,Perfil_4
1.0,50.0,0.0,14.0,0.0,2.0,10.0,3.0,0.0,1.0,1.0,1.0,0.0,0.0,Perfil_4
0.0,24.0,0.0,5.0,1.0,1.581445523193096,5.0,6.0,1.0,31.0,7.0,0.0,15.0,7.0,Perfil_3
0.0,35.0,0.0,5.0,1.0,2.0,10.0,3.0,0.0,1.0,7.0,1.0,1.0,30.0,Perfil_3
0.0,40.0,1.0,2.0,1.0,0.0,6.1688843398157625,6.0,0.0,30.0,50.0,31.0,15.0,30.0,Perfil_0
0.0,30.0,1.0,18.0,1.0,0.0,5.0,0.0,0.0,50.0,50.0,1.0,0.0,7.0,Perfil_1
0.5867082035306335,30.0,1.0,2.0,0.0,2.0,10.0,4.0,0.0,1.0,50.0,15.0,0.0,31.0,Perfil_1
0.0,24.0,1.0,0.0,1.0,0.0,5.0,3.0,0.0,50.0,50.0,31.0,1.0,4.0,Perfil_0
0.0,24.0,0.0,6.0,1.0,1.0,5.0,3.0,0.0,31.0,31.0,1.0,0.0,0.0,Perfil_3
0.0,34.41326530612245,0.0,5.0,1.0,1.0,5.0,6.0,0.0,7.0,50.0,1.0,0.0,31.0,Perfil_2
1.0,24.0,1.0,1.0,0.0,4.0,15.0,3.0,0.0,30.0,7.0,1.0,15.0,7.0,Perfil_2
1.0,35.0,1.0,14.0,1.0,1.581445523193096,10.0,0.0,1.0,7.0,0.0,1.0,0.0,31.0,Perfil_4
0.0,40.0,0.0,5.0,1.0,0.0,5.0,3.0,1.0,7.0,7.0,31.0,0.0,15.0,Perfil_3
0.0,30.0,1.0,7.0,0.0,1.0,5.0,3.0,0.0,31.0,17.853191489361702,1.0,0.0,31.0,Perfil_5
1.0,24.0,0.0,16.0,0.0,5.0,5.0,6.0,0.0,50.0,7.0,31.0,0.0,1.0,Perfil_2
1.0,30.0,1.0,2.0,1.0,2.0,5.0,3.0,0.0,31.0,50.0,0.0,0.0,0.0,Perfil_2
0.0,30.0,1.0,1.0,1.0,2.0,10.0,3.0,0.0,7.0,1.0,15.0,15.0,15.0,Perfil_2
0.0,50.0,0.0,5.0,1.0,2.0,15.0,3.0,0.0,7.0,4.0,15.0,15.0,4.0,Perfil_4
1.0,30.0,1.0,5.0,1.0,1.0,5.0,3.0,0.0,50.0,7.0,1.0,15.0,7.0,Perfil_2
0.0,30.0,1.0,6.0,0.0,2.0,5.0,0.0,1.0,0.0,1.0,1.0,15.0,0.0,Perfil_4
1.0,24.0,1.0,5.0,1.0,0.0,5.0,3.0,0.0,50.0,7.0,0.0,0.0,1.0,Perfil_3
0.0,34.41326530612245,1.0,6.9594907407407405,2.0,1.0,5.0,3.0,0.0,31.0,31.0,31.0,0.0,7.0,Perfil_1
1.0,24.0,1.0,6.0,1.0,2.0,5.0,0.0,0.0,50.0,50.0,15.0,0.0,15.0,Perfil_1
0.0,30.0,0.0,15.0,1.0,1.581445523193096,5.0,6.0,1.0,7.0,30.0,0.0,1.0,35.0,Perfil_2
1.0,50.0,0.0,5.0,1.0,2.0,10.0,3.0,1.0,31.0,31.0,1.0,0.0,0.0,Perfil_2
0.0,50.0,1.0,6.0,0.0,2.0,5.0,6.0,0.0,0.0,7.0,1.0,15.0,0.0,Perfil_4
1.0,45.0,1.0,6.9594907407407405,2.0,2.0,5.0,6.0,0.0,0.0,7.0,0.0,0.0,1.0,Perfil_4
0.0,24.0,0.0,1.0,1.0,2.0,10.0,3.6391534391534393,1.0,50.0,0.0,15.0,0.0,0.0,Perfil_5
1.0,40.0,0.0,2.0,1.0,0.0,5.0,6.0,1.0,16.152579582875962,1.0,1.0,1.0,7.0,Perfil_5
1.0,50.0,1.0,5.0,0.0,1.0,5.0,6.0,1.0,7.0,4.0,1.0,0.0,7.0,Perfil_4
0.0,30.0,1.0,12.0,0.0,7.0,5.0,3.0,0.0,16.152579582875962,17.853191489361702,31.0,0.0,30.0,Perfil_5
0.0,30.0,0.4887295081967213,2.0,1.0,2.0,5.0,3.0,1.0,1.0,31.0,1.0,15.0,7.0,Perfil_3
1.0,45.0,0.0,1.0,1.0,7.0,5.0,5.0,0.0,50.0,31.0,0.0,0.0,0.0,Perfil_2
0.0,40.0,0.0,1.0,0.0,2.0,10.0,3.0,0.0,7.0,0.0,1.0,2.9959058341862845,1.0,Perfil_5
1.0,35.0,1.0,2.0,1.0,1.0,5.0,3.0,0.0,16.152579582875962,50.0,1.0,0.0,15.0,Perfil_5
0.0,30.0,1.0,6.9594907407407405,2.0,6.0,10.0,3.0,0.0,4.0,1.0,30.0,0.0,31.0,Perfil_3
1.0,30.0,0.0,2.0,0.0,4.0,10.0,4.0,0.0,7.0,4.0,0.0,2.9959058341862845,1.0,Perfil_5
1.0,30.0,0.0,0.0,1.0,0.0,5.0,3.0,0.0,16.152579582875962,50.0,0.0,0.0,0.0,Perfil_5
0.5867082035306335,30.0,0.0,5.0,1.0,0.0,0.0,3.0,1.0,4.0,7.0,15.0,0.0,15.0,Perfil_4
0.0,35.0,1.0,1.0,1.0,1.0,5.0,7.0,0.0,1.0,1.0,1.0,1.0,7.0,Perfil_4
0.0,30.0,0.0,6.0,1.0,0.0,5.0,3.0,1.0,0.0,31.0,1.0,0.0,7.0,Perfil_4
1.0,40.0,0.0,5.0,0.0,0.0,5.0,3.0,0.0,31.0,1.0,0.0,0.0,4.0,Perfil_4
0.0,24.0,0.0,6.0,1.0,7.0,10.0,3.0,0.0,31.0,31.0,31.0,0.0,0.0,Perfil_1
0.0,30.0,0.0,6.0,0.0,1.581445523193096,5.0,3.0,0.0,50.0,31.0,1.0,15.0,0.0,Perfil_1
1.0,30.0,0.0,15.0,1.0,7.0,5.0,3.0,0.0,7.0,30.0,1.0,1.0,4.0,Perfil_4
0.0,30.0,1.0,6.0,0.0,0.0,5.0,6.0,0.0,0.0,1.0,15.0,15.0,31.0,Perfil_3
1.0,24.0,0.0,1.0,0.0,5.0,5.0,6.0,0.0,30.0,7.0,0.0,0.0,0.0,Perfil_4
0.0,30.0,1.0,5.0,2.0,0.0,6.0,7.0,0.0,31.0,0.0,1.0,0.0,31.0,Perfil_3
0.0,30.0,0.0,2.0,0.0,2.0,5.0,3.0,0.0,1.0,50.0,1.0,0.0,15.0,Perfil_2
0.0,45.0,0.0,5.0,0.0,2.0,6.1688843398157625,3.0,0.0,31.0,50.0,1.0,0.0,7.0,Perfil_5
1.0,35.0,0.0,1.0,0.0,0.0,5.0,3.0,0.0,31.0,50.0,31.0,0.0,31.0,Perfil_0
1.0,30.0,1.0,2.0,1.0,1.0,10.0,7.0,0.0,1.0,7.0,0.0,0.0,1.0,Perfil_4
0.0,30.0,0.0,5.0,1.0,1.0,5.0,4.0,0.0,1.0,30.0,1.0,0.0,0.0,Perfil_4
1.0,35.0,1.0,6.9594907407407405,1.0,0.0,10.0,3.0,0.0,16.152579582875962,0.0,1.0,2.9959058341862845,31.0,Perfil_5
1.0,30.0,0.0,17.0,1.0,0.0,15.0,6.0,0.0,0.0,0.0,0.0,0.0,0.0,Perfil_4
1.0,35.0,1.0,5.0,1.0,2.0,5.0,7.0,1.0,16.152579582875962,31.0,1.0,0.0,1.0,Perfil_5
1.0,30.0,1.0,5.0,2.0,7.0,5.0,3.6391534391534393,1.0,30.0,7.0,1.0,0.0,35.0,Perfil_5
1.0,24.0,0.0,7.0,1.0,0.0,5.0,3.0,0.0,31.0,31.0,15.0,15.0,0.0,Perfil_2
0.0,30.0,1.0,6.9594907407407405,1.0,2.0,10.0,3.0,0.0,1.0,0.0,15.0,0.0,7.0,Perfil_4
1.0,35.0,1.0,6.9594907407407405,2.0,2.0,10.0,6.0,0.0,31.0,31.0,1.0,15.0,0.0,Perfil_1
0.0,30.0,1.0,6.9594907407407405,1.0,0.0,0.0,6.0,1.0,0.0,4.0,0.0,0.0,1.0,Perfil_4
1.0,30.0,0.0,12.0,1.0,0.0,10.0,6.0,0.0,1.0,17.853191489361702,1.0,15.0,15.0,Perfil_5
0.0,34.41326530612245,0.0,6.0,0.0,0.0,10.0,6.0,1.0,30.0,31.0,1.0,15.0,31.0,Perfil_1
1.0,50.0,1.0,6.0,1.0,0.0,5.0,4.0,0.0,31.0,50.0,0.0,15.0,4.0,Perfil_1
0.0,35.0,0.0,0.0,0.0,0.0,10.0,4.0,1.0,7.0,0.0,31.0,0.0,31.0,Perfil_2
1.0,35.0,0.0,2.0,0.0,0.0,5.0,3.0,0.0,1.0,4.0,0.0,0.0,1.0,Perfil_4
1.0,30.0,0.0,2.0,0.0,0.0,5.0,3.6391534391534393,0.0,1.0,7.0,0.0,0.0,15.0,Perfil_5
1.0,40.0,0.0,12.0,0.0,1.581445523193096,5.0,0.0,0.0,0.0,7.0,1.0,0.0,0.0,Perfil_4
0.0,35.0,0.0,2.0,0.0,2.0,10.0,6.0,1.0,31.0,4.0,31.0,0.0,31.0,Perfil_1
0.0,40.0,1.0,6.0,0.0,0.0,10.0,4.0,0.0,7.0,17.853191489361702,1.0,0.0,7.0,Perfil_5
1.0,45.0,1.0,5.0,0.0,4.0,15.0,0.0,1.0,31.0,7.0,31.0,0.0,1.0,Perfil_2
1.0,30.0,1.0,5.0,1.0,2.0,5.0,6.0,1.0,31.0,4.0,1.0,0.0,15.0,Perfil_3
0.0,24.0,1.0,1.0,1.0,1.581445523193096,5.0,7.0,1.0,0.0,1.0,1.0,0.0,31.0,Perfil_4
0.0,24.0,0.0,0.0,0.0,6.0,5.0,3.0,1.0,7.0,17.853191489361702,0.0,15.0,0.0,Perfil_5
0.5867082035306335,30.0,1.0,1.0,2.0,2.0,10.0,7.0,1.0,7.0,50.0,1.0,0.0,0.0,Perfil_3
0.0,50.0,1.0,0.0,1.0,2.0,5.0,0.0,0.0,0.0,4.0,1.0,15.0,7.0,Perfil_4
1.0,35.0,0.0,5.0,1.0,2.0,5.0,6.0,0.0,0.0,31.0,0.0,0.0,0.0,Perfil_4
1.0,30.0,1.0,6.9594907407407405,3.0,1.581445523193096,5.0,3.0,0.0,0.0,31.0,1.0,2.9959058341862845,0.0,Perfil_5
0.0,30.0,0.0,6.9594907407407405,0.0,0.0,6.1688843398157625,3.0,1.0,30.0,17.853191489361702,1.0,0.0,1.0,Perfil_5
1.0,30.0,1.0,2.0,1.0,0.0,5.0,3.0,1.0,0.0,50.0,31.0,2.9959058341862845,0.0,Perfil_5
1.0,24.0,1.0,2.0,1.0,4.0,5.0,3.0,1.0,31.0,50.0,15.0,31.0,31.0,Perfil_0
1.0,30.0,0.0,12.0,0.0,0.0,0.0,6.0,1.0,7.0,0.0,0.0,0.0,1.0,Perfil_4
1.0,30.0,0.0,12.0,1.0,0.0,5.0,7.0,0.0,30.0,50.0,0.0,0.0,0.0,Perfil_2
1.0,30.0,1.0,15.0,1.0,2.0,5.0,0.0,1.0,7.0,1.0,1.0,1.0,31.0,Perfil_4
0.0,40.0,0.0,6.9594907407407405,0.0,0.0,5.0,0.0,1.0,16.152579582875962,4.0,1.0,0.0,7.0,Perfil_5
1.0,45.0,1.0,1.0,2.0,2.0,5.0,5.0,1.0,31.0,7.0,1.0,0.0,31.0,Perfil_2
0.0,30.0,0.0,7.0,1.0,2.0,0.0,0.0,1.0,4.0,17.853191489361702,1.0,0.0,30.0,Perfil_5
0.0,35.0,0.0,5.0,0.0,1.0,10.0,0.0,0.0,31.0,31.0,0.0,0.0,1.0,Perfil_2
0.0,24.0,1.0,11.0,0.0,5.0,10.0,0.0,1.0,7.0,7.0,1.0,0.0,15.0,Perfil_4
1.0,30.0,1.0,22.0,1.0,0.0,15.0,6.0,0.0,30.0,7.0,0.0,0.0,0.0,Perfil_1
1.0,50.0,1.0,6.0,1.0,1.581445523193096,5.0,3.0,1.0,31.0,50.0,1.0,0.0,35.0,Perfil_1
0.0,35.0,0.0,2.0,0.0,1.0,10.0,3.0,0.0,7.0,50.0,1.0,0.0,0.0,Perfil_3
1.0,40.0,1.0,25.0,1.0,2.0,0.0,4.0,0.0,7.0,4.0,15.0,1.0,15.0,Perfil_4
0.0,35.0,0.0,0.0,1.0,2.0,5.0,0.0,1.0,31.0,30.0,1.0,0.0,31.0,Perfil_1
0.0,40.0,0.0,2.0,1.0,2.0,15.0,6.0,0.0,31.0,17.853191489361702,0.0,0.0,0.0,Perfil_5
1.0,35.0,1.0,6.9594907407407405,0.0,0.0,10.0,3.0,0.0,50.0,4.0,1.0,0.0,31.0,Perfil_2
0.0,35.0,1.0,2.0,1.0,0.0,0.0,3.0,0.0,31.0,50.0,0.0,0.0,7.0,Perfil_2
0.0,24.0,0.0,29.0,0.0,0.0,5.0,6.0,0.0,1.0,0.0,1.0,0.0,10.537512846865365,Perfil_5
0.0,30.0,1.0,0.0,0.0,0.0,5.0,6.0,1.0,30.0,7.0,1.0,0.0,0.0,Perfil_0
0.0,35.0,1.0,5.0,1.0,1.0,5.0,0.0,0.0,1.0,0.0,0.0,0.0,30.0,Perfil_4
0.0,24.0,1.0,16.0,1.0,0.0,5.0,3.0,1.0,31.0,1.0,1.0,1.0,4.0,Perfil_4
0.0,45.0,0.0,2.0,0.0,1.0,5.0,3.0,1.0,0.0,50.0,1.0,15.0,0.0,Perfil_3
1.0,35.0,1.0,12.0,1.0,5.0,0.0,4.0,0.0,0.0,50.0,1.0,0.0,10.537512846865365,Perfil_5
0.0,40.0,0.0,2.0,0.0,1.581445523193096,5.0,3.6391534391534393,0.0,50.0,31.0,1.0,0.0,1.0,Perfil_5
1.0,24.0,0.0,6.9594907407407405,1.0,0.0,6.1688843398157625,7.0,1.0,1.0,1.0,6.118062563067609,1.0,7.0,Perfil_5
0.0,34.41326530612245,0.0,6.9594907407407405,0.0,2.0,5.0,3.6391534391534393,0.0,1.0,7.0,1.0,0.0,31.0,Perfil_5
1.0,30.0,0.0,21.0,0.0,1.0,10.0,6.0,1.0,0.0,7.0,15.0,15.0,7.0,Perfil_4
1.0,30.0,0.0,6.9594907407407405,0.0,1.581445523193096,5.0,4.0,1.0,16.152579582875962,4.0,15.0,0.0,0.0,Perfil_5
1.0,30.0,1.0,6.0,1.0,0.0,10.0,6.0,1.0,30.0,0.0,1.0,0.0,31.0,Perfil_2
1.0,50.0,0.0,1.0,3.0,1.581445523193096,5.0,6.0,0.0,1.0,7.0,1.0,0.0,31.0,Perfil_3
1.0,45.0,1.0,7.0,1.0,0.0,10.0,0.0,0.0,1.0,0.0,0.0,15.0,30.0,Perfil_3
1.0,30.0,0.0,7.0,0.0,1.0,10.0,3.0,1.0,0.0,7.0,1.0,0.0,0.0,Perfil_4
1.0,30.0,0.0,1.0,1.0,2.0,5.0,0.0,0.0,7.0,17.853191489361702,1.0,0.0,15.0,Perfil_5
1.0,30.0,1.0,6.0,0.0,2.0,5.0,3.0,0.0,1.0,17.853191489361702,1.0,0.0,0.0,Perfil_5
0.0,30.0,1.0,11.0,1.0,2.0,15.0,4.0,0.0,31.0,7.0,1.0,0.0,0.0,Perfil_3
0.0,45.0,1.0,5.0,1.0,6.0,5.0,5.0,0.0,31.0,1.0,1.0,0.0,31.0,Perfil_3
1.0,40.0,0.0,0.0,0.0,1.0,10.0,3.0,0.0,31.0,7.0,1.0,0.0,7.0,Perfil_3
1.0,50.0,0.0,6.9594907407407405,2.0,2.0,15.0,3.0,1.0,16.152579582875962,4.0,1.0,0.0,31.0,Perfil_5
1.0,40.0,0.0,0.0,1.0,0.0,10.0,6.0,1.0,4.0,7.0,1.0,0.0,7.0,Perfil_4
1.0,50.0,1.0,5.0,1.0,0.0,5.0,3.0,0.0,31.0,30.0,1.0,0.0,4.0,Perfil_3
0.0,45.0,0.4887295081967213,5.0,0.0,4.0,5.0,3.0,0.0,30.0,0.0,0.0,15.0,0.0,Perfil_3
0.0,40.0,1.0,5.0,0.0,0.0,5.0,0.0,0.0,31.0,30.0,1.0,15.0,0.0,Perfil_2
0.5867082035306335,45.0,1.0,6.0,1.0,1.0,10.0,4.0,1.0,31.0,7.0,1.0,1.0,35.0,Perfil_2
0.0,40.0,0.0,12.0,1.0,1.0,5.0,3.0,0.0,31.0,7.0,31.0,0.0,31.0,Perfil_1
1.0,45.0,0.0,5.0,0.0,5.0,5.0,3.0,0.0,16.152579582875962,50.0,1.0,15.0,15.0,Perfil_5
1.0,24.0,1.0,6.9594907407407405,1.0,0.0,5.0,3.0,0.0,1.0,1.0,1.0,15.0,15.0,Perfil_4
0.5867082035306335,40.0,1.0,7.0,2.0,0.0,5.0,6.0,0.0,1.0,4.0,1.0,0.0,4.0,Perfil_4
0.0,50.0,1.0,1.0,0.0,0.0,5.0,0.0,1.0,0.0,7.0,0.0,1.0,35.0,Perfil_4
0.0,30.0,1.0,14.0,1.0,2.0,0.0,3.0,1.0,7.0,50.0,0.0,0.0,1.0,Perfil_3
0.0,50.0,1.0,6.9594907407407405,1.0,1.581445523193096,5.0,6.0,1.0,16.152579582875962,30.0,0.0,0.0,30.0,Perfil_5
0.0,45.0,0.0,7.0,1.0,2.0,10.0,3.0,1.0,7.0,50.0,1.0,0.0,31.0,Perfil_2
1.0,35.0,0.0,8.0,0.0,0.0,5.0,7.0,0.0,1.0,50.0,31.0,0.0,0.0,Perfil_2
0.0,30.0,0.0,27.0,1.0,1.0,0.0,3.0,1.0,50.0,7.0,0.0,0.0,0.0,Perfil_3
0.5867082035306335,50.0,1.0,5.0,0.0,3.0,10.0,3.6391534391534393,1.0,7.0,17.853191489361702,31.0,0.0,15.0,Perfil_5
1.0,50.0,1.0,1.0,0.0,0.0,0.0,4.0,0.0,7.0,7.0,1.0,31.0,7.0,Perfil_2
0.0,45.0,1.0,5.0,1.0,2.0,10.0,3.0,1.0,4.0,4.0,0.0,0.0,0.0,Perfil_4
0.0,30.0,0.0,15.0,1.0,2.0,10.0,0.0,0.0,0.0,30.0,0.0,0.0,7.0,Perfil_4
1.0,45.0,0.0,22.0,0.0,1.0,5.0,4.0,1.0,1.0,31.0,0.0,1.0,30.0,Perfil_2
1.0,30.0,0.0,2.0,0.0,0.0,5.0,3.0,0.0,31.0,7.0,31.0,15.0,7.0,Perfil_2
0.0,50.0,0.0,7.0,1.0,1.0,5.0,3.6391534391534393,0.0,16.152579582875962,50.0,0.0,15.0,15.0,Perfil_5
1.0,30.0,1.0,16.0,1.0,2.0,5.0,3.0,0.0,1.0,31.0,1.0,0.0,31.0,Perfil_3
0.5867082035306335,30.0,1.0,5.0,2.0,1.0,5.0,0.0,1.0,50.0,1.0,0.0,0.0,0.0,Perfil_3
0.0,40.0,1.0,2.0,0.0,0.0,10.0,4.0,0.0,16.152579582875962,31.0,15.0,0.0,0.0,Perfil_5
1.0,40.0,1.0,1.0,1.0,5.0,5.0,0.0,1.0,7.0,7.0,1.0,0.0,0.0,Perfil_4
1.0,40.0,1.0,6.9594907407407405,1.0,1.581445523193096,5.0,3.0,0.0,1.0,7.0,1.0,15.0,4.0,Perfil_4
0.0,30.0,1.0,5.0,1.0,0.0,5.0,0.0,0.0,1.0,31.0,15.0,0.0,0.0,Perfil_3
1.0,30.0,0.0,23.0,0.0,0.0,0.0,6.0,0.0,7.0,17.853191489361702,31.0,15.0,15.0,Perfil_5
0.0,30.0,1.0,0.0,0.0,0.0,5.0,6.0,0.0,1.0,7.0,1.0,0.0,7.0,Perfil_0
0.5867082035306335,30.0,0.0,6.0,0.0,1.581445523193096,5.0,3.0,1.0,31.0,17.853191489361702,1.0,0.0,31.0,Perfil_5
1.0,35.0,0.0,6.9594907407407405,0.0,4.0,0.0,4.0,0.0,1.0,17.853191489361702,0.0,15.0,15.0,Perfil_5
0.0,24.0,0.4887295081967213,6.0,0.7558494404883012,2.0,10.0,6.0,1.0,1.0,31.0,1.0,0.0,31.0,Perfil_2
0.0,45.0,0.0,12.0,0.0,1.0,5.0,3.0,0.0,31.0,4.0,0.0,0.0,30.0,Perfil_3
1.0,35.0,0.0,6.9594907407407405,0.0,2.0,15.0,4.0,1.0,50.0,0.0,0.0,0.0,1.0,Perfil_3
0.0,45.0,1.0,2.0,0.0,0.0,5.0,4.0,0.0,50.0,31.0,1.0,0.0,15.0,Perfil_1
1.0,45.0,1.0,6.9594907407407405,2.0,1.0,10.0,0.0,1.0,16.152579582875962,50.0,15.0,0.0,7.0,Perfil_5
0.5867082035306335,24.0,0.0,14.0,2.0,7.0,10.0,3.0,1.0,0.0,7.0,1.0,0.0,0.0,Perfil_4
1.0,45.0,1.0,5.0,0.0,2.0,5.0,7.0,0.0,50.0,50.0,0.0,0.0,0.0,Perfil_1
1.0,35.0,0.0,5.0,0.0,0.0,5.0,6.0,1.0,31.0,0.0,0.0,15.0,1.0,Perfil_3
1.0,30.0,0.4887295081967213,1.0,1.0,2.0,10.0,3.0,0.0,30.0,4.0,31.0,0.0,1.0,Perfil_2
1.0,45.0,0.0,6.9594907407407405,1.0,1.0,15.0,4.0,1.0,31.0,17.853191489361702,1.0,0.0,15.0,Perfil_5
0.5867082035306335,35.0,1.0,19.0,0.0,2.0,5.0,3.0,0.0,7.0,31.0,0.0,0.0,0.0,Perfil_4
1.0,24.0,0.0,0.0,1.0,0.0,5.0,3.0,0.0,31.0,50.0,0.0,0.0,0.0,Perfil_2
1.0,30.0,0.0,0.0,1.0,0.0,10.0,3.0,0.0,4.0,50.0,1.0,0.0,0.0,Perfil_3
0.0,24.0,1.0,6.0,1.0,0.0,0.0,3.0,1.0,31.0,30.0,1.0,1.0,0.0,Perfil_3
1.0,30.0,0.0,7.0,2.0,0.0,10.0,3.0,1.0,16.152579582875962,7.0,15.0,0.0,31.0,Perfil_5
1.0,30.0,0.4887295081967213,5.0,1.0,5.0,15.0,3.0,1.0,50.0,30.0,1.0,0.0,0.0,Perfil_2
1.0,40.0,1.0,19.0,0.0,0.0,5.0,3.0,0.0,0.0,31.0,1.0,0.0,1.0,Perfil_4
1.0,40.0,0.0,7.0,3.0,1.0,15.0,6.0,0.0,7.0,7.0,31.0,0.0,15.0,Perfil_3
0.0,35.0,1.0,2.0,0.0,2.0,5.0,3.0,0.0,7.0,1.0,0.0,0.0,31.0,Perfil_4
0.0,50.0,1.0,12.0,1.0,0.0,0.0,5.0,0.0,30.0,1.0,15.0,15.0,0.0,Perfil_3
0.0,24.0,1.0,6.9594907407407405,0.0,0.0,5.0,3.0,0.0,31.0,0.0,31.0,1.0,31.0,Perfil_3
0.0,30.0,1.0,12.0,1.0,1.0,5.0,6.0,0.0,4.0,30.0,1.0,15.0,15.0,Perfil_2
0.0,35.0,1.0,29.0,1.0,2.0,10.0,6.0,0.0,0.0,7.0,1.0,0.0,0.0,Perfil_4
0.5867082035306335,35.0,1.0,17.0,1.0,2.0,5.0,3.6391534391534393,1.0,0.0,7.0,1.0,0.0,0.0,Perfil_5
1.0,45.0,0.0,27.0,1.0,2.0,5.0,3.0,0.0,7.0,7.0,0.0,15.0,31.0,Perfil_3
0.0,30.0,1.0,6.9594907407407405,1.0,2.0,10.0,3.6391534391534393,0.0,50.0,0.0,15.0,0.0,0.0,Perfil_5
0.0,30.0,0.0,5.0,0.0,2.0,10.0,6.0,1.0,31.0,7.0,1.0,15.0,4.0,Perfil_3
1.0,30.0,0.0,5.0,0.7558494404883012,0.0,5.0,6.0,0.0,1.0,31.0,1.0,0.0,1.0,Perfil_4
0.0,50.0,0.0,17.0,0.0,2.0,5.0,6.0,0.0,7.0,7.0,0.0,0.0,31.0,Perfil_3
1.0,30.0,0.0,4.0,2.0,1.0,5.0,3.0,1.0,7.0,50.0,1.0,0.0,0.0,Perfil_3
0.0,45.0,0.0,26.0,1.0,2.0,15.0,3.0,0.0,16.152579582875962,31.0,1.0,0.0,7.0,Perfil_5
1.0,35.0,1.0,0.0,3.0,0.0,5.0,3.0,0.0,7.0,31.0,31.0,0.0,1.0,Perfil_2
1.0,30.0,1.0,0.0,0.0,1.0,5.0,3.0,0.0,0.0,50.0,1.0,0.0,4.0,Perfil_3
1.0,35.0,1.0,5.0,0.0,2.0,5.0,3.0,0.0,31.0,1.0,0.0,0.0,0.0,Perfil_4
1.0,24.0,0.0,6.0,2.0,1.581445523193096,5.0,3.0,0.0,31.0,4.0,15.0,0.0,10.537512846865365,Perfil_5
0.0,24.0,1.0,6.9594907407407405,1.0,0.0,0.0,3.0,0.0,1.0,50.0,1.0,15.0,0.0,Perfil_2
1.0,35.0,0.0,7.0,1.0,2.0,10.0,3.0,1.0,7.0,31.0,0.0,0.0,30.0,Perfil_2
1.0,30.0,0.0,16.0,0.0,0.0,5.0,5.0,1.0,4.0,1.0,1.0,0.0,1.0,Perfil_4
1.0,30.0,0.0,6.9594907407407405,0.0,2.0,5.0,7.0,0.0,7.0,31.0,31.0,0.0,7.0,Perfil_2
1.0,24.0,1.0,19.0,2.0,1.581445523193096,15.0,0.0,1.0,7.0,50.0,1.0,0.0,30.0,Perfil_1
0.0,30.0,1.0,10.0,1.0,1.0,5.0,3.6391534391534393,0.0,7.0,1.0,0.0,0.0,0.0,Perfil_5
1.0,30.0,1.0,6.9594907407407405,1.0,2.0,5.0,6.0,1.0,7.0,1.0,1.0,0.0,0.0,Perfil_4
1.0,40.0,0.0,30.0,0.0,0.0,10.0,3.0,1.0,0.0,0.0,1.0,15.0,31.0,Perfil_1
1.0,30.0,1.0,7.0,1.0,2.0,0.0,3.0,0.0,31.0,31.0,1.0,15.0,4.0,Perfil_2
1.0,30.0,0.4887295081967213,15.0,1.0,2.0,10.0,0.0,1.0,7.0,50.0,1.0,0.0,7.0,Perfil_3
0.0,30.0,1.0,26.0,0.0,0.0,5.0,3.0,0.0,30.0,7.0,0.0,0.0,7.0,Perfil_3
1.0,34.41326530612245,0.0,13.0,1.0,2.0,5.0,4.0,1.0,7.0,50.0,15.0,0.0,15.0,Perfil_2
1.0,35.0,0.0,8.0,1.0,0.0,5.0,3.0,0.0,1.0,17.853191489361702,1.0,0.0,0.0,Perfil_5
1.0,35.0,0.0,7.0,1.0,0.0,0.0,4.0,0.0,0.0,0.0,31.0,0.0,0.0,Perfil_4
1.0,40.0,1.0,22.0,0.0,7.0,0.0,0.0,0.0,7.0,17.853191489361702,1.0,0.0,35.0,Perfil_5
1.0,30.0,0.0,6.0,0.0,0.0,5.0,3.6391534391534393,0.0,7.0,17.853191489361702,1.0,0.0,31.0,Perfil_5
1.0,40.0,0.0,26.0,0.0,2.0,10.0,3.0,0.0,7.0,1.0,1.0,0.0,15.0,Perfil_4
0.0,24.0,0.0,5.0,1.0,0.0,5.0,4.0,0.0,7.0,30.0,0.0,0.0,15.0,Perfil_3
1.0,35.0,1.0,1.0,1.0,1.581445523193096,10.0,3.0,0.0,0.0,4.0,0.0,0.0,1.0,Perfil_4
1.0,30.0,0.0,5.0,0.0,0.0,5.0,3.0,0.0,4.0,31.0,1.0,0.0,4.0,Perfil_4
0.0,35.0,0.0,28.0,0.0,0.0,10.0,3.0,1.0,1.0,50.0,1.0,0.0,31.0,Perfil_1
0.0,30.0,0.0,11.0,1.0,0.0,5.0,0.0,0.0,1.0,0.0,0.0,0.0,4.0,Perfil_4
1.0,50.0,0.4887295081967213,6.0,1.0,2.0,5.0,3.0,0.0,4.0,1.0,0.0,15.0,1.0,Perfil_4
1.0,35.0,1.0,1.0,1.0,5.0,5.0,0.0,0.0,31.0,7.0,0.0,0.0,30.0,Perfil_3
1.0,35.0,1.0,2.0,1.0,5.0,15.0,3.0,1.0,31.0,50.0,0.0,0.0,31.0,Perfil_1
1.0,30.0,1.0,2.0,3.0,2.0,5.0,6.0,1.0,4.0,1.0,31.0,0.0,0.0,Perfil_4
1.0,35.0,1.0,2.0,1.0,0.0,10.0,4.0,0.0,30.0,1.0,15.0,15.0,0.0,Perfil_3
0.0,30.0,0.0,6.0,1.0,5.0,5.0,3.0,0.0,4.0,31.0,0.0,0.0,35.0,Perfil_2
0.0,30.0,1.0,6.9594907407407405,1.0,5.0,0.0,7.0,0.0,1.0,0.0,1.0,0.0,1.0,Perfil_4
0.5867082035306335,35.0,0.0,6.0,0.0,4.0,0.0,3.0,0.0,31.0,7.0,15.0,0.0,7.0,Perfil_3
0.0,30.0,1.0,6.9594907407407405,2.0,2.0,5.0,3.0,1.0,16.152579582875962,17.853191489361702,1.0,0.0,15.0,Perfil_5
0.0,30.0,1.0,5.0,1.0,1.581445523193096,5.0,0.0,1.0,7.0,0.0,15.0,0.0,15.0,Perfil_4
1.0,30.0,1.0,9.0,0.0,1.0,0.0,3.6391534391534393,0.0,30.0,1.0,1.0,1.0,7.0,Perfil_5
0.0,30.0,0.0,0.0,1.0,5.0,5.0,3.0,1.0,30.0,17.853191489361702,4.0,0.0,31.0,Perfil_5
0.0,40.0,0.0,5.0,1.0,2.0,5.0,3.0,0.0,31.0,17.853191489361702,0.0,0.0,15.0,Perfil_5
1.0,40.0,1.0,1.0,0.0,0.0,10.0,3.0,1.0,16.152579582875962,31.0,1.0,0.0,1.0,Perfil_5
0.0,34.41326530612245,0.0,4.0,1.0,2.0,5.0,3.0,0.0,50.0,7.0,31.0,0.0,0.0,Perfil_2
0.0,35.0,1.0,2.0,1.0,0.0,10.0,0.0,1.0,0.0,1.0,1.0,0.0,31.0,Perfil_4
1.0,30.0,1.0,6.9594907407407405,2.0,4.0,5.0,6.0,0.0,4.0,30.0,31.0,0.0,15.0,Perfil_2
1.0,35.0,0.0,2.0,1.0,0.0,5.0,3.0,1.0,4.0,50.0,1.0,0.0,0.0,Perfil_3
1.0,30.0,1.0,17.0,1.0,1.0,5.0,4.0,1.0,0.0,31.0,0.0,0.0,4.0,Perfil_4
0.0,30.0,0.0,6.9594907407407405,0.0,4.0,5.0,3.6391534391534393,0.0,50.0,0.0,1.0,0.0,30.0,Perfil_5
0.0,24.0,0.0,6.9594907407407405,1.0,1.0,5.0,3.0,0.0,31.0,31.0,1.0,0.0,0.0,Perfil_3
1.0,24.0,0.0,0.0,1.0,1.0,10.0,6.0,1.0,31.0,1.0,0.0,15.0,7.0,Perfil_3
1.0,24.0,1.0,7.0,1.0,5.0,5.0,3.6391534391534393,0.0,30.0,50.0,0.0,0.0,31.0,Perfil_5
0.0,35.0,0.0,2.0,1.0,0.0,5.0,4.0,1.0,7.0,7.0,0.0,0.0,15.0,Perfil_4
1.0,24.0,0.0,19.0,0.0,1.581445523193096,6.1688843398157625,0.0,0.0,31.0,17.853191489361702,0.0,0.0,1.0,Perfil_5
1.0,50.0,0.0,2.0,0.0,1.0,5.0,3.6391534391534393,0.0,7.0,4.0,1.0,0.0,0.0,Perfil_5
1.0,24.0,0.0,2.0,1.0,1.0,10.0,3.0,0.0,16.152579582875962,30.0,1.0,0.0,4.0,Perfil_5
0.0,50.0,0.0,14.0,0.0,0.0,10.0,6.0,1.0,0.0,7.0,1.0,1.0,0.0,Perfil_4
0.0,40.0,1.0,6.9594907407407405,1.0,4.0,10.0,6.0,0.0,4.0,7.0,1.0,0.0,7.0,Perfil_4
1.0,35.0,1.0,7.0,0.0,1.581445523193096,5.0,3.0,0.0,7.0,1.0,31.0,0.0,15.0,Perfil_3
0.0,24.0,0.0,6.9594907407407405,1.0,2.0,10.0,7.0,0.0,0.0,17.853191489361702,31.0,0.0,1.0,Perfil_5
1.0,50.0,0.0,26.0,0.7558494404883012,2.0,5.0,6.0,1.0,31.0,30.0,1.0,0.0,4.0,Perfil_3
1.0,35.0,1.0,6.0,1.0,0.0,5.0,6.0,1.0,31.0,0.0,1.0,0.0,0.0,Perfil_4
1.0,45.0,0.0,15.0,1.0,0.0,5.0,0.0,0.0,1.0,4.0,1.0,0.0,0.0,Perfil_4
1.0,35.0,0.0,7.0,1.0,5.0,5.0,3.6391534391534393,0.0,0.0,50.0,0.0,1.0,31.0,Perfil_5
0.0,30.0,1.0,1.0,0.0,2.0,5.0,0.0,0.0,16.152579582875962,4.0,31.0,0.0,31.0,Perfil_5
1.0,50.0,1.0,2.0,1.0,5.0,5.0,5.0,0.0,31.0,1.0,1.0,0.0,15.0,Perfil_3
0.5867082035306335,24.0,0.0,7.0,0.0,2.0,5.0,3.0,0.0,7.0,0.0,15.0,1.0,31.0,Perfil_3
1.0,45.0,0.0,2.0,3.0,2.0,6.1688843398157625,3.0,1.0,0.0,1.0,1.0,1.0,0.0,Perfil_5
0.0,30.0,0.0,6.0,0.0,2.0,5.0,3.0,0.0,50.0,17.853191489361702,6.118062563067609,0.0,0.0,Perfil_5
1.0,35.0,0.0,6.9594907407407405,1.0,0.0,5.0,0.0,0.0,16.152579582875962,0.0,1.0,0.0,15.0,Perfil_5
0.0,50.0,0.0,0.0,1.0,0.0,10.0,3.0,0.0,7.0,1.0,15.0,0.0,15.0,Perfil_3
1.0,45.0,1.0,5.0,2.0,1.0,0.0,3.0,1.0,7.0,1.0,0.0,0.0,0.0,Perfil_4
1.0,24.0,0.0,0.0,0.0,0.0,5.0,3.0,0.0,31.0,4.0,0.0,1.0,10.537512846865365,Perfil_5
1.0,40.0,1.0,1.0,1.0,2.0,10.0,3.0,0.0,1.0,31.0,1.0,15.0,15.0,Perfil_2
1.0,35.0,1.0,22.0,1.0,6.0,5.0,3.0,1.0,0.0,50.0,0.0,0.0,15.0,Perfil_3
0.0,30.0,0.0,14.0,2.0,5.0,10.0,3.0,0.0,7.0,31.0,31.0,0.0,4.0,Perfil_2
0.0,35.0,0.0,15.0,1.0,7.0,10.0,7.0,1.0,1.0,1.0,1.0,0.0,0.0,Perfil_4
1.0,40.0,0.0,16.0,0.0,0.0,15.0,3.0,1.0,16.152579582875962,1.0,1.0,15.0,0.0,Perfil_5
1.0,30.0,0.0,2.0,1.0,1.0,10.0,3.0,0.0,31.0,7.0,15.0,0.0,31.0,Perfil_2
1.0,30.0,1.0,6.9594907407407405,1.0,2.0,5.0,7.0,1.0,7.0,50.0,0.0,0.0,10.537512846865365,Perfil_5
1.0,30.0,0.0,4.0,0.0,1.0,10.0,0.0,1.0,31.0,50.0,15.0,0.0,35.0,Perfil_0
0.0,24.0,1.0,7.0,1.0,1.581445523193096,5.0,6.0,1.0,31.0,31.0,1.0,0.0,0.0,Perfil_3
1.0,30.0,0.0,6.9594907407407405,2.0,1.0,5.0,3.0,0.0,31.0,1.0,1.0,0.0,0.0,Perfil_4
1.0,35.0,0.0,7.0,1.0,2.0,10.0,3.0,0.0,0.0,7.0,1.0,15.0,4.0,Perfil_4
1.0,30.0,0.0,6.9594907407407405,0.0,0.0,5.0,3.0,1.0,31.0,0.0,0.0,15.0,31.0,Perfil_2
0.0,30.0,1.0,1.0,1.0,0.0,10.0,6.0,0.0,1.0,7.0,15.0,0.0,7.0,Perfil_0
1.0,50.0,0.0,5.0,1.0,0.0,6.1688843398157625,6.0,0.0,16.152579582875962,4.0,0.0,0.0,7.0,Perfil_5
0.0,24.0,0.0,12.0,1.0,0.0,5.0,3.0,0.0,1.0,31.0,15.0,0.0,7.0,Perfil_3
1.0,35.0,0.0,7.0,0.0,2.0,5.0,3.0,1.0,16.152579582875962,7.0,0.0,0.0,15.0,Perfil_5
1.0,30.0,0.0,1.0,2.0,0.0,10.0,6.0,0.0,1.0,0.0,1.0,0.0,31.0,Perfil_4
0.0,30.0,0.0,7.0,0.0,2.0,5.0,7.0,1.0,16.152579582875962,1.0,31.0,0.0,15.0,Perfil_5
0.0,50.0,0.0,1.0,0.0,0.0,5.0,7.0,0.0,7.0,7.0,15.0,0.0,0.0,Perfil_4
0.0,30.0,0.4887295081967213,28.0,0.0,2.0,0.0,3.0,1.0,0.0,31.0,1.0,0.0,30.0,Perfil_3
0.0,30.0,0.0,0.0,0.0,2.0,5.0,3.0,0.0,31.0,31.0,0.0,1.0,0.0,Perfil_3
1.0,30.0,1.0,7.0,0.0,1.0,5.0,3.0,0.0,1.0,0.0,1.0,15.0,31.0,Perfil_3
1.0,50.0,0.0,0.0,1.0,0.0,5.0,3.0,0.0,0.0,0.0,0.0,0.0,0.0,Perfil_4
0.0,30.0,1.0,12.0,0.0,0.0,15.0,6.0,0.0,1.0,0.0,30.0,0.0,0.0,Perfil_4
1.0,50.0,1.0,0.0,0.0,2.0,0.0,0.0,1.0,0.0,1.0,0.0,15.0,0.0,Perfil_4
0.0,50.0,0.4887295081967213,1.0,1.0,2.0,5.0,3.0,0.0,1.0,7.0,1.0,0.0,31.0,Perfil_4
0.0,30.0,1.0,2.0,3.0,0.0,5.0,3.0,0.0,31.0,7.0,1.0,15.0,7.0,Perfil_3
0.5867082035306335,30.0,1.0,6.9594907407407405,1.0,0.0,0.0,3.0,1.0,30.0,7.0,1.0,0.0,1.0,Perfil_4
0.0,45.0,0.4887295081967213,13.0,2.0,5.0,10.0,3.0,0.0,50.0,7.0,0.0,15.0,0.0,Perfil_2
0.0,50.0,0.0,6.0,0.0,0.0,5.0,0.0,1.0,31.0,50.0,31.0,0.0,31.0,Perfil_0
0.0,30.0,1.0,14.0,0.0,0.0,5.0,7.0,0.0,16.152579582875962,1.0,0.0,15.0,1.0,Perfil_5
0.0,35.0,0.0,17.0,1.0,0.0,5.0,6.0,0.0,50.0,7.0,1.0,0.0,7.0,Perfil_2
1.0,40.0,0.0,6.0,2.0,4.0,5.0,0.0,0.0,1.0,0.0,0.0,2.9959058341862845,0.0,Perfil_5
0.0,30.0,0.0,6.0,1.0,2.0,5.0,3.0,0.0,31.0,30.0,31.0,0.0,0.0,Perfil_1
0.0,45.0,0.0,18.0,1.0,1.0,5.0,3.0,0.0,7.0,0.0,31.0,0.0,7.0,Perfil_3
1.0,40.0,0.0,0.0,1.0,0.0,6.1688843398157625,0.0,0.0,16.152579582875962,0.0,1.0,15.0,0.0,Perfil_5
0.5867082035306335,24.0,0.0,2.0,0.0,0.0,5.0,3.0,1.0,31.0,0.0,1.0,0.0,0.0,Perfil_4
1.0,35.0,0.0,11.0,0.0,2.0,5.0,3.0,0.0,31.0,7.0,31.0,0.0,15.0,Perfil_2
1.0,24.0,0.0,6.0,1.0,5.0,5.0,3.0,0.0,31.0,30.0,7.0,0.0,0.0,Perfil_2
1.0,30.0,0.0,7.0,0.0,2.0,5.0,3.0,0.0,1.0,50.0,0.0,0.0,1.0,Perfil_3
1.0,30.0,1.0,6.0,1.0,0.0,5.0,0.0,0.0,1.0,4.0,6.118062563067609,0.0,0.0,Perfil_5
0.5867082035306335,35.0,0.0,1.0,0.0,2.0,5.0,5.0,1.0,1.0,4.0,0.0,0.0,31.0,Perfil_4
0.0,35.0,0.0,5.0,1.0,2.0,0.0,3.0,0.0,0.0,31.0,1.0,0.0,31.0,Perfil_3
1.0,35.0,0.0,2.0,1.0,1.0,0.0,3.0,0.0,16.152579582875962,0.0,1.0,30.0,1.0,Perfil_5
1.0,24.0,1.0,6.0,1.0,3.0,5.0,3.0,0.0,31.0,17.853191489361702,0.0,0.0,30.0,Perfil_5
1.0,24.0,0.0,5.0,1.0,2.0,5.0,7.0,0.0,31.0,1.0,1.0,0.0,1.0,Perfil_4
1.0,50.0,1.0,1.0,1.0,0.0,5.0,4.0,0.0,7.0,31.0,1.0,1.0,15.0,Perfil_3
0.0,30.0,1.0,6.0,3.0,0.0,0.0,3.0,1.0,7.0,1.0,1.0,0.0,1.0,Perfil_4
0.5867082035306335,50.0,1.0,5.0,0.0,1.0,6.0,3.0,1.0,7.0,0.0,0.0,0.0,7.0,Perfil_4
0.0,24.0,1.0,6.0,2.0,2.0,5.0,6.0,1.0,0.0,7.0,0.0,0.0,31.0,Perfil_4
0.0,30.0,0.0,0.0,0.0,1.581445523193096,5.0,7.0,0.0,30.0,0.0,1.0,0.0,31.0,Perfil_3
0.5867082035306335,30.0,0.0,6.9594907407407405,0.0,2.0,5.0,7.0,0.0,1.0,31.0,0.0,0.0,31.0,Perfil_3
0.0,40.0,1.0,2.0,0.0,0.0,10.0,5.0,0.0,31.0,50.0,0.0,0.0,0.0,Perfil_2
1.0,34.41326530612245,1.0,2.0,1.0,5.0,10.0,3.0,1.0,7.0,30.0,6.118062563067609,0.0,0.0,Perfil_5
1.0,50.0,0.0,1.0,0.0,1.0,6.1688843398157625,3.0,1.0,7.0,7.0,0.0,0.0,1.0,Perfil_5
1.0,35.0,0.0,6.9594907407407405,0.0,2.0,5.0,6.0,0.0,31.0,50.0,1.0,0.0,10.537512846865365,Perfil_5
1.0,30.0,1.0,5.0,0.0,1.0,5.0,7.0,1.0,31.0,31.0,1.0,0.0,4.0,Perfil_3
1.0,35.0,1.0,6.0,0.0,1.0,0.0,3.0,0.0,30.0,7.0,31.0,0.0,7.0,Perfil_2
0.0,30.0,0.0,5.0,1.0,0.0,10.0,3.0,1.0,16.152579582875962,17.853191489361702,1.0,15.0,7.0,Perfil_5
1.0,30.0,0.0,2.0,0.0,1.0,6.1688843398157625,3.6391534391534393,1.0,1.0,17.853191489361702,0.0,0.0,0.0,Perfil_5
1.0,35.0,1.0,2.0,1.0,0.0,0.0,4.0,1.0,4.0,1.0,1.0,0.0,15.0,Perfil_4
1.0,35.0,0.0,3.0,0.0,5.0,5.0,3.0,0.0,1.0,0.0,1.0,2.9959058341862845,7.0,Perfil_5
0.0,30.0,1.0,0.0,1.0,6.0,10.0,6.0,1.0,31.0,0.0,31.0,0.0,31.0,Perfil_1
0.0,30.0,1.0,17.0,0.0,2.0,5.0,3.0,1.0,30.0,31.0,31.0,0.0,10.537512846865365,Perfil_5
0.0,30.0,1.0,12.0,1.0,0.0,10.0,3.0,0.0,31.0,7.0,1.0,15.0,35.0,Perfil_2
1.0,24.0,0.0,15.0,1.0,2.0,5.0,6.0,1.0,1.0,50.0,0.0,1.0,10.537512846865365,Perfil_5
0.0,35.0,1.0,19.0,1.0,2.0,5.0,0.0,0.0,31.0,17.853191489361702,31.0,15.0,31.0,Perfil_5
1.0,40.0,1.0,6.0,1.0,1.0,10.0,0.0,0.0,50.0,50.0,31.0,15.0,0.0,Perfil_1
1.0,24.0,0.0,5.0,0.0,5.0,10.0,3.0,1.0,16.152579582875962,31.0,0.0,0.0,0.0,Perfil_5
1.0,24.0,1.0,6.9594907407407405,1.0,0.0,5.0,0.0,0.0,0.0,50.0,1.0,0.0,4.0,Perfil_3
1.0,24.0,0.0,2.0,1.0,2.0,0.0,6.0,0.0,31.0,0.0,30.0,0.0,0.0,Perfil_3
0.0,50.0,0.0,22.0,1.0,0.0,0.0,6.0,0.0,31.0,7.0,1.0,15.0,1.0,Perfil_3
1.0,35.0,1.0,17.0,0.0,1.581445523193096,10.0,3.0,1.0,50.0,50.0,1.0,0.0,0.0,Perfil_1
1.0,30.0,0.4887295081967213,7.0,1.0,0.0,5.0,6.0,1.0,0.0,0.0,15.0,0.0,1.0,Perfil_4
1.0,30.0,1.0,1.0,1.0,0.0,5.0,3.0,0.0,1.0,50.0,0.0,15.0,0.0,Perfil_2
1.0,40.0,0.0,17.0,0.0,3.0,5.0,4.0,0.0,31.0,31.0,1.0,0.0,35.0,Perfil_1
0.0,24.0,1.0,2.0,1.0,2.0,10.0,3.0,0.0,31.0,30.0,0.0,0.0,4.0,Perfil_2
0.0,30.0,0.0,2.0,0.0,2.0,10.0,3.0,1.0,7.0,50.0,0.0,0.0,15.0,Perfil_2
0.0,24.0,1.0,5.0,1.0,0.0,5.0,3.0,1.0,1.0,0.0,1.0,0.0,15.0,Perfil_4
1.0,40.0,0.0,6.9594907407407405,0.0,1.0,10.0,3.0,0.0,50.0,31.0,31.0,0.0,7.0,Perfil_0
1.0,30.0,1.0,2.0,1.0,1.581445523193096,5.0,6.0,1.0,50.0,0.0,1.0,0.0,31.0,Perfil_2
1.0,35.0,0.0,7.0,2.0,3.0,0.0,4.0,0.0,7.0,0.0,1.0,0.0,15.0,Perfil_4
1.0,50.0,1.0,5.0,0.0,0.0,10.0,0.0,1.0,30.0,1.0,1.0,0.0,0.0,Perfil_4
0.0,40.0,1.0,6.9594907407407405,0.0,0.0,0.0,3.0,0.0,31.0,31.0,1.0,1.0,1.0,Perfil_3
0.0,30.0,1.0,17.0,0.0,0.0,6.1688843398157625,3.6391534391534393,0.0,1.0,7.0,1.0,15.0,0.0,Perfil_5
1.0,35.0,0.0,0.0,0.0,0.0,10.0,3.0,1.0,1.0,0.0,15.0,0.0,35.0,Perfil_3
1.0,30.0,0.0,2.0,1.0,4.0,10.0,0.0,0.0,50.0,50.0,15.0,0.0,0.0,Perfil_1
1.0,30.0,1.0,6.0,0.0,3.0,15.0,3.0,0.0,4.0,7.0,1.0,0.0,1.0,Perfil_4
1.0,30.0,1.0,16.0,0.0,2.0,5.0,3.0,0.0,0.0,17.853191489361702,1.0,2.9959058341862845,7.0,Perfil_5
1.0,35.0,1.0,12.0,0.0,2.0,10.0,3.0,0.0,16.152579582875962,1.0,1.0,15.0,0.0,Perfil_5
0.0,30.0,0.0,2.0,1.0,0.0,5.0,0.0,0.0,31.0,0.0,1.0,1.0,4.0,Perfil_4
1.0,30.0,0.0,7.0,3.0,2.0,5.0,3.0,0.0,50.0,50.0,1.0,0.0,31.0,Perfil_0
1.0,24.0,1.0,6.0,1.0,4.0,10.0,3.6391534391534393,0.0,7.0,7.0,31.0,0.0,15.0,Perfil_5
0.0,24.0,1.0,5.0,1.0,0.0,0.0,0.0,1.0,1.0,1.0,1.0,0.0,0.0,Perfil_4
1.0,30.0,1.0,6.0,1.0,2.0,10.0,3.0,0.0,1.0,31.0,1.0,15.0,0.0,Perfil_3
1.0,30.0,1.0,12.0,0.0,5.0,5.0,3.6391534391534393,1.0,0.0,0.0,15.0,15.0,30.0,Perfil_5
0.0,40.0,0.0,19.0,3.0,1.0,0.0,3.0,1.0,7.0,1.0,31.0,0.0,7.0,Perfil_3
0.0,45.0,0.0,2.0,1.0,0.0,15.0,3.0,0.0,0.0,1.0,0.0,0.0,7.0,Perfil_4
1.0,24.0,1.0,5.0,1.0,2.0,0.0,0.0,0.0,7.0,7.0,1.0,0.0,1.0,Perfil_4
0.0,35.0,0.0,17.0,0.0,0.0,5.0,4.0,1.0,7.0,17.853191489361702,0.0,0.0,0.0,Perfil_5
1.0,30.0,0.0,6.9594907407407405,1.0,1.0,5.0,3.0,1.0,7.0,1.0,31.0,1.0,15.0,Perfil_3
0.0,35.0,1.0,12.0,0.0,0.0,5.0,3.0,1.0,50.0,7.0,1.0,0.0,15.0,Perfil_2
1.0,30.0,0.0,2.0,3.0,2.0,5.0,7.0,0.0,1.0,30.0,1.0,0.0,31.0,Perfil_2
0.0,30.0,0.0,7.0,1.0,0.0,10.0,3.0,1.0,1.0,0.0,1.0,0.0,0.0,Perfil_4
0.0,45.0,0.0,6.9594907407407405,3.0,0.0,5.0,6.0,1.0,0.0,1.0,1.0,0.0,35.0,Perfil_3
1.0,50.0,0.0,6.9594907407407405,0.0,5.0,15.0,6.0,0.0,0.0,30.0,15.0,0.0,0.0,Perfil_3
1.0,24.0,1.0,1.0,0.0,0.0,15.0,3.0,0.0,30.0,30.0,0.0,15.0,0.0,Perfil_2
0.0,35.0,1.0,5.0,1.0,2.0,10.0,7.0,1.0,31.0,1.0,31.0,0.0,15.0,Perfil_0
0.0,30.0,0.0,11.0,1.0,1.0,5.0,4.0,0.0,50.0,1.0,1.0,0.0,7.0,Perfil_3
1.0,50.0,1.0,2.0,0.0,2.0,5.0,3.0,1.0,7.0,30.0,1.0,0.0,15.0,Perfil_3
1.0,24.0,1.0,3.0,1.0,1.0,5.0,3.0,0.0,1.0,1.0,1.0,0.0,0.0,Perfil_4
1.0,40.0,1.0,25.0,1.0,2.0,5.0,3.0,0.0,7.0,17.853191489361702,15.0,31.0,15.0,Perfil_5
0.0,40.0,1.0,5.0,0.0,2.0,10.0,3.6391534391534393,1.0,1.0,50.0,1.0,0.0,15.0,Perfil_5
1.0,35.0,0.0,5.0,0.0,1.0,10.0,0.0,0.0,31.0,50.0,0.0,1.0,0.0,Perfil_2
1.0,35.0,0.0,1.0,2.0,5.0,10.0,6.0,0.0,50.0,30.0,15.0,0.0,7.0,Perfil_1
1.0,50.0,0.0,7.0,2.0,2.0,0.0,3.6391534391534393,0.0,31.0,7.0,0.0,0.0,15.0,Perfil_5
1.0,24.0,1.0,6.9594907407407405,0.0,1.0,10.0,7.0,0.0,7.0,31.0,15.0,0.0,0.0,Perfil_3
0.5867082035306335,35.0,0.0,7.0,1.0,1.0,10.0,0.0,0.0,31.0,7.0,1.0,0.0,31.0,Perfil_2
1.0,50.0,1.0,20.0,1.0,0.0,5.0,3.0,1.0,50.0,30.0,0.0,0.0,4.0,Perfil_2
0.0,24.0,1.0,17.0,2.0,1.0,5.0,6.0,1.0,0.0,1.0,0.0,0.0,4.0,Perfil_4
0.0,35.0,0.0,24.0,0.0,0.0,10.0,3.0,0.0,4.0,0.0,1.0,0.0,0.0,Perfil_4
1.0,45.0,0.0,2.0,1.0,5.0,15.0,3.0,0.0,7.0,31.0,1.0,1.0,7.0,Perfil_3
1.0,24.0,0.0,14.0,1.0,5.0,10.0,3.0,1.0,7.0,7.0,1.0,0.0,7.0,Perfil_4
0.0,50.0,0.0,5.0,2.0,5.0,10.0,3.0,0.0,31.0,17.853191489361702,1.0,30.0,0.0,Perfil_5
1.0,30.0,1.0,4.0,1.0,2.0,0.0,3.0,0.0,1.0,7.0,0.0,0.0,0.0,Perfil_4
1.0,24.0,0.0,12.0,0.7558494404883012,0.0,5.0,7.0,0.0,7.0,30.0,1.0,15.0,0.0,Perfil_2
0.0,35.0,0.0,5.0,0.0,2.0,5.0,3.0,1.0,31.0,0.0,15.0,0.0,0.0,Perfil_3
0.0,30.0,0.0,5.0,1.0,2.0,5.0,0.0,1.0,31.0,50.0,1.0,1.0,7.0,Perfil_1
0.0,40.0,0.0,0.0,0.0,2.0,5.0,3.0,0.0,31.0,50.0,0.0,0.0,31.0,Perfil_1
0.0,24.0,1.0,5.0,1.0,4.0,5.0,0.0,0.0,0.0,1.0,1.0,0.0,1.0,Perfil_0
1.0,30.0,0.0,6.9594907407407405,2.0,2.0,5.0,7.0,0.0,16.152579582875962,7.0,1.0,1.0,7.0,Perfil_5
1.0,30.0,0.0,25.0,1.0,4.0,5.0,3.0,1.0,7.0,50.0,1.0,1.0,0.0,Perfil_3
0.0,35.0,0.0,2.0,0.0,0.0,10.0,3.0,1.0,50.0,1.0,15.0,0.0,1.0,Perfil_2
1.0,24.0,0.0,0.0,0.0,4.0,10.0,0.0,0.0,0.0,30.0,1.0,15.0,0.0,Perfil_3
0.0,24.0,0.0,0.0,0.0,2.0,5.0,3.0,1.0,1.0,31.0,0.0,0.0,1.0,Perfil_4
1.0,50.0,1.0,2.0,1.0,0.0,0.0,0.0,0.0,0.0,7.0,1.0,0.0,1.0,Perfil_4
0.0,30.0,1.0,6.9594907407407405,0.0,0.0,5.0,3.0,1.0,50.0,7.0,15.0,0.0,7.0,Perfil_2
0.0,30.0,0.0,2.0,0.0,2.0,10.0,7.0,1.0,7.0,0.0,0.0,0.0,0.0,Perfil_4
0.0,40.0,0.0,2.0,0.0,2.0,5.0,0.0,1.0,1.0,4.0,0.0,0.0,7.0,Perfil_4
1.0,24.0,1.0,6.0,0.0,5.0,10.0,3.0,0.0,31.0,50.0,6.118062563067609,0.0,1.0,Perfil_5
1.0,30.0,0.0,6.0,1.0,0.0,5.0,6.0,0.0,4.0,7.0,0.0,31.0,35.0,Perfil_3
0.0,35.0,0.0,0.0,1.0,0.0,10.0,6.0,1.0,1.0,7.0,31.0,0.0,15.0,Perfil_3
1.0,35.0,1.0,5.0,1.0,0.0,5.0,3.0,1.0,0.0,17.853191489361702,1.0,0.0,7.0,Perfil_5
0.0,30.0,0.0,2.0,0.0,1.0,10.0,0.0,1.0,7.0,7.0,1.0,0.0,0.0,Perfil_4
1.0,50.0,0.0,15.0,1.0,0.0,15.0,0.0,1.0,7.0,0.0,0.0,1.0,7.0,Perfil_4
1.0,24.0,1.0,21.0,1.0,2.0,10.0,7.0,0.0,7.0,4.0,1.0,0.0,31.0,Perfil_3
0.0,24.0,0.0,7.0,2.0,0.0,5.0,5.0,0.0,31.0,50.0,31.0,31.0,1.0,Perfil_0
0.0,24.0,0.0,17.0,2.0,0.0,10.0,3.0,0.0,31.0,7.0,1.0,0.0,0.0,Perfil_4
0.0,35.0,1.0,15.0,0.0,0.0,10.0,0.0,1.0,4.0,50.0,1.0,15.0,0.0,Perfil_2
1.0,50.0,0.0,15.0,1.0,2.0,5.0,3.0,0.0,1.0,7.0,1.0,0.0,15.0,Perfil_4
1.0,30.0,0.0,6.9594907407407405,1.0,2.0,10.0,7.0,1.0,0.0,1.0,1.0,1.0,31.0,Perfil_4
0.0,35.0,0.0,12.0,1.0,0.0,5.0,3.0,0.0,50.0,4.0,1.0,0.0,31.0,Perfil_2
1.0,24.0,1.0,1.0,1.0,1.0,5.0,0.0,0.0,7.0,7.0,31.0,0.0,15.0,Perfil_3
1.0,24.0,0.0,4.0,0.0,1.0,10.0,3.0,0.0,4.0,50.0,1.0,0.0,15.0,Perfil_2
0.0,24.0,0.0,0.0,1.0,2.0,0.0,6.0,1.0,1.0,17.853191489361702,0.0,0.0,0.0,Perfil_5
1.0,50.0,1.0,26.0,1.0,2.0,5.0,6.0,0.0,31.0,7.0,1.0,0.0,0.0,Perfil_4
1.0,24.0,1.0,6.9594907407407405,0.0,1.581445523193096,15.0,3.0,1.0,1.0,1.0,0.0,0.0,1.0,Perfil_4
0.0,50.0,0.4887295081967213,2.0,0.0,3.0,5.0,3.0,1.0,16.152579582875962,17.853191489361702,0.0,1.0,10.537512846865365,Perfil_5
0.0,30.0,1.0,1.0,0.7558494404883012,1.581445523193096,10.0,7.0,0.0,30.0,7.0,0.0,0.0,15.0,Perfil_3
1.0,35.0,0.0,7.0,0.0,0.0,5.0,0.0,1.0,50.0,31.0,1.0,0.0,0.0,Perfil_2
0.0,45.0,1.0,6.9594907407407405,0.0,2.0,10.0,6.0,0.0,7.0,0.0,1.0,15.0,0.0,Perfil_4
1.0,35.0,0.0,15.0,0.0,2.0,15.0,3.0,0.0,31.0,0.0,0.0,0.0,0.0,Perfil_3
1.0,30.0,0.0,6.0,0.0,1.581445523193096,0.0,3.0,0.0,4.0,1.0,31.0,15.0,1.0,Perfil_4
0.0,34.41326530612245,1.0,3.0,0.0,5.0,10.0,4.0,1.0,0.0,31.0,0.0,15.0,0.0,Perfil_3
1.0,24.0,1.0,6.0,0.0,2.0,5.0,0.0,1.0,1.0,1.0,0.0,0.0,1.0,Perfil_4
1.0,35.0,1.0,5.0,0.0,0.0,5.0,3.0,1.0,1.0,31.0,0.0,15.0,1.0,Perfil_3
1.0,30.0,0.0,6.0,0.0,0.0,5.0,0.0,1.0,16.152579582875962,7.0,15.0,0.0,1.0,Perfil_5
0.0,30.0,0.0,0.0,0.0,2.0,10.0,3.0,0.0,1.0,0.0,1.0,15.0,15.0,Perfil_4
1.0,24.0,1.0,0.0,0.0,2.0,5.0,0.0,1.0,1.0,0.0,1.0,0.0,15.0,Perfil_4
1.0,35.0,1.0,1.0,2.0,1.581445523193096,0.0,4.0,0.0,7.0,1.0,1.0,0.0,0.0,Perfil_4
1.0,30.0,0.0,1.0,1.0,2.0,10.0,6.0,0.0,31.0,7.0,31.0,0.0,1.0,Perfil_2
1.0,24.0,0.0,5.0,1.0,0.0,5.0,3.0,0.0,0.0,50.0,1.0,0.0,31.0,Perfil_2
0.0,24.0,0.0,5.0,0.0,2.0,5.0,4.0,0.0,31.0,0.0,15.0,0.0,31.0,Perfil_2
0.0,50.0,0.0,6.0,1.0,2.0,10.0,4.0,1.0,1.0,1.0,1.0,0.0,0.0,Perfil_4
1.0,35.0,0.0,22.0,1.0,1.0,10.0,0.0,0.0,0.0,1.0,0.0,1.0,4.0,Perfil_4
0.0,24.0,1.0,5.0,1.0,5.0,5.0,6.0,1.0,31.0,7.0,31.0,0.0,15.0,Perfil_2
1.0,35.0,0.0,15.0,1.0,0.0,5.0,3.0,0.0,1.0,4.0,1.0,0.0,15.0,Perfil_4
0.0,30.0,0.0,7.0,1.0,2.0,0.0,3.0,1.0,1.0,50.0,31.0,7.0,7.0,Perfil_2
1.0,30.0,0.0,6.9594907407407405,0.0,1.0,5.0,6.0,1.0,31.0,30.0,0.0,0.0,31.0,Perfil_1
0.0,35.0,0.0,5.0,1.0,1.0,0.0,7.0,1.0,31.0,30.0,1.0,15.0,0.0,Perfil_2
1.0,30.0,1.0,2.0,1.0,4.0,5.0,3.0,0.0,1.0,0.0,6.118062563067609,1.0,1.0,Perfil_5
1.0,24.0,0.0,6.0,1.0,2.0,5.0,6.0,0.0,31.0,7.0,1.0,0.0,0.0,Perfil_3
2.0,30.0,0.0,6.0,2.0,1.581445523193096,5.0,3.0,0.0,0.0,0.0,0.0,0.0,7.0,Perfil_4
1.0,50.0,0.0,2.0,1.0,0.0,10.0,3.6391534391534393,1.0,0.0,50.0,1.0,0.0,15.0,Perfil_5
0.0,30.0,0.0,2.0,0.0,2.0,6.1688843398157625,4.0,0.0,31.0,7.0,0.0,0.0,0.0,Perfil_5
1.0,35.0,1.0,0.0,0.0,1.0,6.0,7.0,0.0,1.0,31.0,15.0,0.0,30.0,Perfil_2
1.0,45.0,0.0,5.0,1.0,1.0,5.0,3.0,0.0,31.0,0.0,1.0,0.0,31.0,Perfil_3
1.0,30.0,1.0,1.0,1.0,1.0,5.0,3.0,0.0,0.0,4.0,0.0,0.0,30.0,Perfil_4
0.0,30.0,1.0,5.0,1.0,2.0,5.0,0.0,0.0,31.0,50.0,1.0,0.0,7.0,Perfil_2
1.0,30.0,0.0,6.0,0.0,0.0,5.0,3.0,0.0,0.0,1.0,1.0,0.0,1.0,Perfil_4
1.0,35.0,0.0,1.0,1.0,4.0,5.0,3.0,1.0,7.0,50.0,1.0,0.0,31.0,Perfil_2
1.0,40.0,1.0,5.0,1.0,0.0,10.0,3.6391534391534393,0.0,0.0,1.0,0.0,15.0,1.0,Perfil_5
1.0,30.0,0.0,5.0,0.0,5.0,5.0,3.0,0.0,31.0,31.0,0.0,0.0,10.537512846865365,Perfil_5
0.0,35.0,0.0,2.0,2.0,0.0,15.0,4.0,1.0,0.0,4.0,1.0,0.0,31.0,Perfil_3
1.0,35.0,1.0,5.0,0.0,0.0,0.0,3.6391534391534393,0.0,30.0,7.0,15.0,15.0,15.0,Perfil_5
